county,state,population
Autauga,Alabama,"55,869"
Baldwin,Alabama,"223,234"
Barbour,Alabama,"24,686"
Bibb,Alabama,"22,394"
Blount,Alabama,"57,826"
Bullock,Alabama,"10,101"
Butler,Alabama,"19,448"
Calhoun,Alabama,"113,605"
Chambers,Alabama,"33,254"
Cherokee,Alabama,"26,196"
Chilton,Alabama,"44,428"
Choctaw,Alabama,"12,589"
Clarke,Alabama,"23,622"
Clay,Alabama,"13,235"
Cleburne,Alabama,"14,910"
Coffee,Alabama,"52,342"
Colbert,Alabama,"55,241"
Conecuh,Alabama,"12,067"
Coosa,Alabama,"10,663"
Covington,Alabama,"37,049"
Crenshaw,Alabama,"13,772"
Cullman,Alabama,"83,768"
Dale,Alabama,"49,172"
Dallas,Alabama,"37,196"
DeKalb,Alabama,"71,513"
Elmore,Alabama,"81,209"
Escambia,Alabama,"36,633"
Etowah,Alabama,"102,268"
Fayette,Alabama,"16,302"
Franklin,Alabama,"31,362"
Geneva,Alabama,"26,271"
Greene,Alabama,"8,111"
Hale,Alabama,"14,651"
Henry,Alabama,"17,205"
Houston,Alabama,"105,882"
Jackson,Alabama,"51,626"
Jefferson,Alabama,"658,573"
Lamar,Alabama,"13,805"
Lauderdale,Alabama,"92,729"
Lawrence,Alabama,"32,924"
Lee,Alabama,"164,542"
Limestone,Alabama,"98,915"
Lowndes,Alabama,"9,726"
Macon,Alabama,"18,068"
Madison,Alabama,"372,909"
Marengo,Alabama,"18,863"
Marion,Alabama,"29,709"
Marshall,Alabama,"96,774"
Mobile,Alabama,"413,210"
Monroe,Alabama,"20,733"
Montgomery,Alabama,"226,486"
Morgan,Alabama,"119,679"
Perry,Alabama,"8,923"
Pickens,Alabama,"19,930"
Pike,Alabama,"33,114"
Randolph,Alabama,"22,722"
Russell,Alabama,"57,961"
St. Clair,Alabama,"89,512"
Shelby,Alabama,"217,702"
Sumter,Alabama,"12,427"
Talladega,Alabama,"79,978"
Tallapoosa,Alabama,"40,367"
Tuscaloosa,Alabama,"209,355"
Walker,Alabama,"63,521"
Washington,Alabama,"16,326"
Wilcox,Alabama,"10,373"
Winston,Alabama,"23,629"
Aleutians East Borough,Alaska,"3,337"
Aleutians West Census Area,Alaska,"5,634"
Anchorage,Alaska,"288,000"
Bethel Census Area,Alaska,"18,386"
Bristol Bay Borough,Alaska,836
Denali Borough,Alaska,"2,097"
Dillingham Census Area,Alaska,"4,916"
Fairbanks North Star Borough,Alaska,"96,849"
Haines Borough,Alaska,"2,530"
Hoonah-Angoon Census Area,Alaska,"2,148"
Juneau City and Borough,Alaska,"31,974"
Kenai Peninsula Borough,Alaska,"58,708"
Ketchikan Gateway Borough,Alaska,"13,901"
Kodiak Island Borough,Alaska,"12,998"
Kusilvak Census Area,Alaska,"8,314"
Lake and Peninsula Borough,Alaska,"1,592"
Matanuska-Susitna Borough,Alaska,"108,317"
Nome Census Area,Alaska,"10,004"
North Slope Borough,Alaska,"9,832"
Northwest Arctic Borough,Alaska,"7,621"
Petersburg Borough,Alaska,"3,266"
Prince of Wales-Hyder Census Area,Alaska,"6,203"
Sitka City and Borough,Alaska,"8,493"
Skagway Municipality,Alaska,"1,183"
Southeast Fairbanks Census Area,Alaska,"6,893"
Valdez-Cordova Census Area,Alaska,"9,202"
Wrangell City and Borough,Alaska,"2,502"
Yakutat City and Borough,Alaska,579
Yukon-Koyukuk Census Area,Alaska,"5,230"
Apache,Arizona,"71,887"
Cochise,Arizona,"125,922"
Coconino,Arizona,"143,476"
Gila,Arizona,"54,018"
Graham,Arizona,"38,837"
Greenlee,Arizona,"9,498"
La Paz,Arizona,"21,108"
Maricopa,Arizona,"4,485,414"
Mohave,Arizona,"212,181"
Navajo,Arizona,"110,924"
Pima,Arizona,"1,047,279"
Pinal,Arizona,"462,789"
Santa Cruz,Arizona,"46,498"
Yavapai,Arizona,"235,099"
Yuma,Arizona,"213,787"
Arkansas,Arkansas,"17,486"
Ashley,Arkansas,"19,657"
Baxter,Arkansas,"41,932"
Benton,Arkansas,"279,141"
Boone,Arkansas,"37,432"
Bradley,Arkansas,"10,763"
Calhoun,Arkansas,"5,189"
Carroll,Arkansas,"28,380"
Chicot,Arkansas,"10,118"
Clark,Arkansas,"22,320"
Clay,Arkansas,"14,551"
Cleburne,Arkansas,"24,919"
Cleveland,Arkansas,"7,956"
Columbia,Arkansas,"23,457"
Conway,Arkansas,"20,846"
Craighead,Arkansas,"110,332"
Crawford,Arkansas,"63,257"
Crittenden,Arkansas,"47,955"
Cross,Arkansas,"16,419"
Dallas,Arkansas,"7,009"
Desha,Arkansas,"11,361"
Drew,Arkansas,"18,219"
Faulkner,Arkansas,"126,007"
Franklin,Arkansas,"17,715"
Fulton,Arkansas,"12,477"
Garland,Arkansas,"99,386"
Grant,Arkansas,"18,265"
Greene,Arkansas,"45,325"
Hempstead,Arkansas,"21,532"
Hot Spring,Arkansas,"33,771"
Howard,Arkansas,"13,202"
Independence,Arkansas,"37,825"
Izard,Arkansas,"13,629"
Jackson,Arkansas,"16,719"
Jefferson,Arkansas,"66,824"
Johnson,Arkansas,"26,578"
Lafayette,Arkansas,"6,624"
Lawrence,Arkansas,"16,406"
Lee,Arkansas,"8,857"
Lincoln,Arkansas,"13,024"
Little River,Arkansas,"12,259"
Logan,Arkansas,"21,466"
Lonoke,Arkansas,"73,309"
Madison,Arkansas,"16,576"
Marion,Arkansas,"16,694"
Miller,Arkansas,"43,257"
Mississippi,Arkansas,"40,651"
Monroe,Arkansas,"6,701"
Montgomery,Arkansas,"8,986"
Nevada,Arkansas,"8,252"
Newton,Arkansas,"7,753"
Ouachita,Arkansas,"23,382"
Perry,Arkansas,"10,455"
Phillips,Arkansas,"17,782"
Pike,Arkansas,"10,718"
Poinsett,Arkansas,"23,528"
Polk,Arkansas,"19,964"
Pope,Arkansas,"64,072"
Prairie,Arkansas,"8,062"
Pulaski,Arkansas,"391,911"
Randolph,Arkansas,"17,958"
St. Francis,Arkansas,"24,994"
Saline,Arkansas,"122,437"
Scott,Arkansas,"10,281"
Searcy,Arkansas,"7,881"
Sebastian,Arkansas,"127,827"
Sevier,Arkansas,"17,007"
Sharp,Arkansas,"17,442"
Stone,Arkansas,"12,506"
Union,Arkansas,"38,682"
Van Buren,Arkansas,"16,545"
Washington,Arkansas,"239,187"
White,Arkansas,"78,753"
Woodruff,Arkansas,"6,320"
Yell,Arkansas,"21,341"
Alameda,California,"1,671,329"
Alpine,California,"1,129"
Amador,California,"39,752"
Butte,California,"219,186"
Calaveras,California,"45,905"
Colusa,California,"21,547"
Contra Costa,California,"1,153,526"
Del Norte,California,"27,812"
El Dorado,California,"192,843"
Fresno,California,"999,101"
Glenn,California,"28,393"
Humboldt,California,"135,558"
Imperial,California,"181,215"
Inyo,California,"18,039"
Kern,California,"900,202"
Kings,California,"152,940"
Lake,California,"64,386"
Lassen,California,"30,573"
Los Angeles,California,"10,039,107"
Madera,California,"157,327"
Marin,California,"258,826"
Mariposa,California,"17,203"
Mendocino,California,"86,749"
Merced,California,"277,680"
Modoc,California,"8,841"
Mono,California,"14,444"
Monterey,California,"434,061"
Napa,California,"137,744"
Nevada,California,"99,755"
Orange,California,"3,175,692"
Placer,California,"398,329"
Plumas,California,"18,807"
Riverside,California,"2,470,546"
Sacramento,California,"1,552,058"
San Benito,California,"62,808"
San Bernardino,California,"2,180,085"
San Diego,California,"3,338,330"
San Francisco,California,"881,549"
San Joaquin,California,"762,148"
San Luis Obispo,California,"283,111"
San Mateo,California,"766,573"
Santa Barbara,California,"446,499"
Santa Clara,California,"1,927,852"
Santa Cruz,California,"273,213"
Shasta,California,"180,080"
Sierra,California,"3,005"
Siskiyou,California,"43,539"
Solano,California,"447,643"
Sonoma,California,"494,336"
Stanislaus,California,"550,660"
Sutter,California,"96,971"
Tehama,California,"65,084"
Trinity,California,"12,285"
Tulare,California,"466,195"
Tuolumne,California,"54,478"
Ventura,California,"846,006"
Yolo,California,"220,500"
Yuba,California,"78,668"
Adams,Colorado,"517,421"
Alamosa,Colorado,"16,233"
Arapahoe,Colorado,"656,590"
Archuleta,Colorado,"14,029"
Baca,Colorado,"3,581"
Bent,Colorado,"5,577"
Boulder,Colorado,"326,196"
Broomfield,Colorado,"70,465"
Chaffee,Colorado,"20,356"
Cheyenne,Colorado,"1,831"
Clear Creek,Colorado,"9,700"
Conejos,Colorado,"8,205"
Costilla,Colorado,"3,887"
Crowley,Colorado,"6,061"
Custer,Colorado,"5,068"
Delta,Colorado,"31,162"
Denver,Colorado,"727,211"
Dolores,Colorado,"2,055"
Douglas,Colorado,"351,154"
Eagle,Colorado,"55,127"
Elbert,Colorado,"26,729"
El Paso,Colorado,"720,403"
Fremont,Colorado,"47,839"
Garfield,Colorado,"60,061"
Gilpin,Colorado,"6,243"
Grand,Colorado,"15,734"
Gunnison,Colorado,"17,462"
Hinsdale,Colorado,820
Huerfano,Colorado,"6,897"
Jackson,Colorado,"1,392"
Jefferson,Colorado,"582,881"
Kiowa,Colorado,"1,406"
Kit Carson,Colorado,"7,097"
Lake,Colorado,"8,127"
La Plata,Colorado,"56,221"
Larimer,Colorado,"356,899"
Las Animas,Colorado,"14,506"
Lincoln,Colorado,"5,701"
Logan,Colorado,"22,409"
Mesa,Colorado,"154,210"
Mineral,Colorado,769
Moffat,Colorado,"13,283"
Montezuma,Colorado,"26,183"
Montrose,Colorado,"42,758"
Morgan,Colorado,"29,068"
Otero,Colorado,"18,278"
Ouray,Colorado,"4,952"
Park,Colorado,"18,845"
Phillips,Colorado,"4,265"
Pitkin,Colorado,"17,767"
Prowers,Colorado,"12,172"
Pueblo,Colorado,"168,424"
Rio Blanco,Colorado,"6,324"
Rio Grande,Colorado,"11,267"
Routt,Colorado,"25,638"
Saguache,Colorado,"6,824"
San Juan,Colorado,728
San Miguel,Colorado,"8,179"
Sedgwick,Colorado,"2,248"
Summit,Colorado,"31,011"
Teller,Colorado,"25,388"
Washington,Colorado,"4,908"
Weld,Colorado,"324,492"
Yuma,Colorado,"10,019"
Fairfield,Connecticut,"943,332"
Hartford,Connecticut,"891,720"
Litchfield,Connecticut,"180,333"
Middlesex,Connecticut,"162,436"
New Haven,Connecticut,"854,757"
New London,Connecticut,"265,206"
Tolland,Connecticut,"150,721"
Windham,Connecticut,"116,782"
Kent,Delaware,"180,786"
New Castle,Delaware,"558,753"
Sussex,Delaware,"234,225"
District of Columbia,District of Columbia,"705,749"
Alachua,Florida,"269,043"
Baker,Florida,"29,210"
Bay,Florida,"174,705"
Bradford,Florida,"28,201"
Brevard,Florida,"601,942"
Broward,Florida,"1,952,778"
Calhoun,Florida,"14,105"
Charlotte,Florida,"188,910"
Citrus,Florida,"149,657"
Clay,Florida,"219,252"
Collier,Florida,"384,902"
Columbia,Florida,"71,686"
DeSoto,Florida,"38,001"
Dixie,Florida,"16,826"
Duval,Florida,"957,755"
Escambia,Florida,"318,316"
Flagler,Florida,"115,081"
Franklin,Florida,"12,125"
Gadsden,Florida,"45,660"
Gilchrist,Florida,"18,582"
Glades,Florida,"13,811"
Gulf,Florida,"13,639"
Hamilton,Florida,"14,428"
Hardee,Florida,"26,937"
Hendry,Florida,"42,022"
Hernando,Florida,"193,920"
Highlands,Florida,"106,221"
Hillsborough,Florida,"1,471,968"
Holmes,Florida,"19,617"
Indian River,Florida,"159,923"
Jackson,Florida,"46,414"
Jefferson,Florida,"14,246"
Lafayette,Florida,"8,422"
Lake,Florida,"367,118"
Lee,Florida,"770,577"
Leon,Florida,"293,582"
Levy,Florida,"41,503"
Liberty,Florida,"8,354"
Madison,Florida,"18,493"
Manatee,Florida,"403,253"
Marion,Florida,"365,579"
Martin,Florida,"161,000"
Miami-Dade,Florida,"2,716,940"
Monroe,Florida,"74,228"
Nassau,Florida,"88,625"
Okaloosa,Florida,"210,738"
Okeechobee,Florida,"42,168"
Orange,Florida,"1,393,452"
Osceola,Florida,"375,751"
Palm Beach,Florida,"1,496,770"
Pasco,Florida,"553,947"
Pinellas,Florida,"974,996"
Polk,Florida,"724,777"
Putnam,Florida,"74,521"
St. Johns,Florida,"264,672"
St. Lucie,Florida,"328,297"
Santa Rosa,Florida,"184,313"
Sarasota,Florida,"433,742"
Seminole,Florida,"471,826"
Sumter,Florida,"132,420"
Suwannee,Florida,"44,417"
Taylor,Florida,"21,569"
Union,Florida,"15,237"
Volusia,Florida,"553,284"
Wakulla,Florida,"33,739"
Walton,Florida,"74,071"
Washington,Florida,"25,473"
Appling,Georgia,"18,386"
Atkinson,Georgia,"8,165"
Bacon,Georgia,"11,164"
Baker,Georgia,"3,038"
Baldwin,Georgia,"44,890"
Banks,Georgia,"19,234"
Barrow,Georgia,"83,240"
Bartow,Georgia,"107,738"
Ben Hill,Georgia,"16,700"
Berrien,Georgia,"19,397"
Bibb,Georgia,"153,159"
Bleckley,Georgia,"12,873"
Brantley,Georgia,"19,109"
Brooks,Georgia,"15,457"
Bryan,Georgia,"39,627"
Bulloch,Georgia,"79,608"
Burke,Georgia,"22,383"
Butts,Georgia,"24,936"
Calhoun,Georgia,"6,189"
Camden,Georgia,"54,666"
Candler,Georgia,"10,803"
Carroll,Georgia,"119,992"
Catoosa,Georgia,"67,580"
Charlton,Georgia,"13,392"
Chatham,Georgia,"289,430"
Chattahoochee,Georgia,"10,907"
Chattooga,Georgia,"24,789"
Cherokee,Georgia,"258,773"
Clarke,Georgia,"128,331"
Clay,Georgia,"2,834"
Clayton,Georgia,"292,256"
Clinch,Georgia,"6,618"
Cobb,Georgia,"760,141"
Coffee,Georgia,"43,273"
Colquitt,Georgia,"45,600"
Columbia,Georgia,"156,714"
Cook,Georgia,"17,270"
Coweta,Georgia,"148,509"
Crawford,Georgia,"12,404"
Crisp,Georgia,"22,372"
Dade,Georgia,"16,116"
Dawson,Georgia,"26,108"
Decatur,Georgia,"26,404"
DeKalb,Georgia,"759,297"
Dodge,Georgia,"20,605"
Dooly,Georgia,"13,390"
Dougherty,Georgia,"87,956"
Douglas,Georgia,"146,343"
Early,Georgia,"10,190"
Echols,Georgia,"4,006"
Effingham,Georgia,"64,296"
Elbert,Georgia,"19,194"
Emanuel,Georgia,"22,646"
Evans,Georgia,"10,654"
Fannin,Georgia,"26,188"
Fayette,Georgia,"114,421"
Floyd,Georgia,"98,498"
Forsyth,Georgia,"244,252"
Franklin,Georgia,"23,349"
Fulton,Georgia,"1,063,937"
Gilmer,Georgia,"31,369"
Glascock,Georgia,"2,971"
Glynn,Georgia,"85,292"
Gordon,Georgia,"57,963"
Grady,Georgia,"24,633"
Greene,Georgia,"18,324"
Gwinnett,Georgia,"936,250"
Habersham,Georgia,"45,328"
Hall,Georgia,"204,441"
Hancock,Georgia,"8,457"
Haralson,Georgia,"29,792"
Harris,Georgia,"35,236"
Hart,Georgia,"26,205"
Heard,Georgia,"11,923"
Henry,Georgia,"234,561"
Houston,Georgia,"157,863"
Irwin,Georgia,"9,416"
Jackson,Georgia,"72,977"
Jasper,Georgia,"14,219"
Jeff Davis,Georgia,"15,115"
Jefferson,Georgia,"15,362"
Jenkins,Georgia,"8,676"
Johnson,Georgia,"9,643"
Jones,Georgia,"28,735"
Lamar,Georgia,"19,077"
Lanier,Georgia,"10,423"
Laurens,Georgia,"47,546"
Lee,Georgia,"29,992"
Liberty,Georgia,"61,435"
Lincoln,Georgia,"7,921"
Long,Georgia,"19,559"
Lowndes,Georgia,"117,406"
Lumpkin,Georgia,"33,610"
McDuffie,Georgia,"21,312"
McIntosh,Georgia,"14,378"
Macon,Georgia,"12,947"
Madison,Georgia,"29,880"
Marion,Georgia,"8,359"
Meriwether,Georgia,"21,167"
Miller,Georgia,"5,718"
Mitchell,Georgia,"21,863"
Monroe,Georgia,"27,578"
Montgomery,Georgia,"9,172"
Morgan,Georgia,"19,276"
Murray,Georgia,"40,096"
Muscogee,Georgia,"195,769"
Newton,Georgia,"111,744"
Oconee,Georgia,"40,280"
Oglethorpe,Georgia,"15,259"
Paulding,Georgia,"168,667"
Peach,Georgia,"27,546"
Pickens,Georgia,"32,591"
Pierce,Georgia,"19,465"
Pike,Georgia,"18,962"
Polk,Georgia,"42,613"
Pulaski,Georgia,"11,137"
Putnam,Georgia,"22,119"
Quitman,Georgia,"2,299"
Rabun,Georgia,"17,137"
Randolph,Georgia,"6,778"
Richmond,Georgia,"202,518"
Rockdale,Georgia,"90,896"
Schley,Georgia,"5,257"
Screven,Georgia,"13,966"
Seminole,Georgia,"8,090"
Spalding,Georgia,"66,703"
Stephens,Georgia,"25,925"
Stewart,Georgia,"6,621"
Sumter,Georgia,"29,524"
Talbot,Georgia,"6,195"
Taliaferro,Georgia,"1,537"
Tattnall,Georgia,"25,286"
Taylor,Georgia,"8,020"
Telfair,Georgia,"15,860"
Terrell,Georgia,"8,531"
Thomas,Georgia,"44,451"
Tift,Georgia,"40,644"
Toombs,Georgia,"26,830"
Towns,Georgia,"12,037"
Treutlen,Georgia,"6,901"
Troup,Georgia,"69,922"
Turner,Georgia,"7,985"
Twiggs,Georgia,"8,120"
Union,Georgia,"24,511"
Upson,Georgia,"26,320"
Walker,Georgia,"69,761"
Walton,Georgia,"94,593"
Ware,Georgia,"35,734"
Warren,Georgia,"5,254"
Washington,Georgia,"20,374"
Wayne,Georgia,"29,927"
Webster,Georgia,"2,607"
Wheeler,Georgia,"7,855"
White,Georgia,"30,798"
Whitfield,Georgia,"104,628"
Wilcox,Georgia,"8,635"
Wilkes,Georgia,"9,777"
Wilkinson,Georgia,"8,954"
Worth,Georgia,"20,247"
Hawaii,Hawaii,"201,513"
Honolulu,Hawaii,"974,563"
Kalawao,Hawaii,86
Kauai,Hawaii,"72,293"
Maui,Hawaii,"167,417"
Ada,Idaho,"481,587"
Adams,Idaho,"4,294"
Bannock,Idaho,"87,808"
Bear Lake,Idaho,"6,125"
Benewah,Idaho,"9,298"
Bingham,Idaho,"46,811"
Blaine,Idaho,"23,021"
Boise,Idaho,"7,831"
Bonner,Idaho,"45,739"
Bonneville,Idaho,"119,062"
Boundary,Idaho,"12,245"
Butte,Idaho,"2,597"
Camas,Idaho,"1,106"
Canyon,Idaho,"229,849"
Caribou,Idaho,"7,155"
Cassia,Idaho,"24,030"
Clark,Idaho,845
Clearwater,Idaho,"8,756"
Custer,Idaho,"4,315"
Elmore,Idaho,"27,511"
Franklin,Idaho,"13,876"
Fremont,Idaho,"13,099"
Gem,Idaho,"18,112"
Gooding,Idaho,"15,179"
Idaho,Idaho,"16,667"
Jefferson,Idaho,"29,871"
Jerome,Idaho,"24,412"
Kootenai,Idaho,"165,697"
Latah,Idaho,"40,108"
Lemhi,Idaho,"8,027"
Lewis,Idaho,"3,838"
Lincoln,Idaho,"5,366"
Madison,Idaho,"39,907"
Minidoka,Idaho,"21,039"
Nez Perce,Idaho,"40,408"
Oneida,Idaho,"4,531"
Owyhee,Idaho,"11,823"
Payette,Idaho,"23,951"
Power,Idaho,"7,681"
Shoshone,Idaho,"12,882"
Teton,Idaho,"12,142"
Twin Falls,Idaho,"86,878"
Valley,Idaho,"11,392"
Washington,Idaho,"10,194"
Adams,Illinois,"65,435"
Alexander,Illinois,"5,761"
Bond,Illinois,"16,426"
Boone,Illinois,"53,544"
Brown,Illinois,"6,578"
Bureau,Illinois,"32,628"
Calhoun,Illinois,"4,739"
Carroll,Illinois,"14,305"
Cass,Illinois,"12,147"
Champaign,Illinois,"209,689"
Christian,Illinois,"32,304"
Clark,Illinois,"15,441"
Clay,Illinois,"13,184"
Clinton,Illinois,"37,562"
Coles,Illinois,"50,621"
Cook,Illinois,"5,150,233"
Crawford,Illinois,"18,667"
Cumberland,Illinois,"10,766"
DeKalb,Illinois,"104,897"
De Witt,Illinois,"15,638"
Douglas,Illinois,"19,465"
DuPage,Illinois,"922,921"
Edgar,Illinois,"17,161"
Edwards,Illinois,"6,395"
Effingham,Illinois,"34,008"
Fayette,Illinois,"21,336"
Ford,Illinois,"12,961"
Franklin,Illinois,"38,469"
Fulton,Illinois,"34,340"
Gallatin,Illinois,"4,828"
Greene,Illinois,"12,969"
Grundy,Illinois,"51,054"
Hamilton,Illinois,"8,116"
Hancock,Illinois,"17,708"
Hardin,Illinois,"3,821"
Henderson,Illinois,"6,646"
Henry,Illinois,"48,913"
Iroquois,Illinois,"27,114"
Jackson,Illinois,"56,750"
Jasper,Illinois,"9,610"
Jefferson,Illinois,"37,684"
Jersey,Illinois,"21,773"
Jo Daviess,Illinois,"21,235"
Johnson,Illinois,"12,417"
Kane,Illinois,"532,403"
Kankakee,Illinois,"109,862"
Kendall,Illinois,"128,990"
Knox,Illinois,"49,699"
Lake,Illinois,"696,535"
LaSalle,Illinois,"108,669"
Lawrence,Illinois,"15,678"
Lee,Illinois,"34,096"
Livingston,Illinois,"35,648"
Logan,Illinois,"28,618"
McDonough,Illinois,"29,682"
McHenry,Illinois,"307,774"
McLean,Illinois,"171,517"
Macon,Illinois,"104,009"
Macoupin,Illinois,"44,926"
Madison,Illinois,"262,966"
Marion,Illinois,"37,205"
Marshall,Illinois,"11,438"
Mason,Illinois,"13,359"
Massac,Illinois,"13,772"
Menard,Illinois,"12,196"
Mercer,Illinois,"15,437"
Monroe,Illinois,"34,637"
Montgomery,Illinois,"28,414"
Morgan,Illinois,"33,658"
Moultrie,Illinois,"14,501"
Ogle,Illinois,"50,643"
Peoria,Illinois,"179,179"
Perry,Illinois,"20,916"
Piatt,Illinois,"16,344"
Pike,Illinois,"15,561"
Pope,Illinois,"4,177"
Pulaski,Illinois,"5,335"
Putnam,Illinois,"5,739"
Randolph,Illinois,"31,782"
Richland,Illinois,"15,513"
Rock Island,Illinois,"141,879"
St. Clair,Illinois,"259,686"
Saline,Illinois,"23,491"
Sangamon,Illinois,"194,672"
Schuyler,Illinois,"6,768"
Scott,Illinois,"4,951"
Shelby,Illinois,"21,634"
Stark,Illinois,"5,342"
Stephenson,Illinois,"44,498"
Tazewell,Illinois,"131,803"
Union,Illinois,"16,653"
Vermilion,Illinois,"75,758"
Wabash,Illinois,"11,520"
Warren,Illinois,"16,844"
Washington,Illinois,"13,887"
Wayne,Illinois,"16,215"
White,Illinois,"13,537"
Whiteside,Illinois,"55,175"
Will,Illinois,"690,743"
Williamson,Illinois,"66,597"
Winnebago,Illinois,"282,572"
Woodford,Illinois,"38,459"
Adams,Indiana,"35,777"
Allen,Indiana,"379,299"
Bartholomew,Indiana,"83,779"
Benton,Indiana,"8,748"
Blackford,Indiana,"11,758"
Boone,Indiana,"67,843"
Brown,Indiana,"15,092"
Carroll,Indiana,"20,257"
Cass,Indiana,"37,689"
Clark,Indiana,"118,302"
Clay,Indiana,"26,225"
Clinton,Indiana,"32,399"
Crawford,Indiana,"10,577"
Daviess,Indiana,"33,351"
Dearborn,Indiana,"49,458"
Decatur,Indiana,"26,559"
DeKalb,Indiana,"43,475"
Delaware,Indiana,"114,135"
Dubois,Indiana,"42,736"
Elkhart,Indiana,"206,341"
Fayette,Indiana,"23,102"
Floyd,Indiana,"78,522"
Fountain,Indiana,"16,346"
Franklin,Indiana,"22,758"
Fulton,Indiana,"19,974"
Gibson,Indiana,"33,659"
Grant,Indiana,"65,769"
Greene,Indiana,"31,922"
Hamilton,Indiana,"338,011"
Hancock,Indiana,"78,168"
Harrison,Indiana,"40,515"
Hendricks,Indiana,"170,311"
Henry,Indiana,"47,972"
Howard,Indiana,"82,544"
Huntington,Indiana,"36,520"
Jackson,Indiana,"44,231"
Jasper,Indiana,"33,562"
Jay,Indiana,"20,436"
Jefferson,Indiana,"32,308"
Jennings,Indiana,"27,735"
Johnson,Indiana,"158,167"
Knox,Indiana,"36,594"
Kosciusko,Indiana,"79,456"
LaGrange,Indiana,"39,614"
Lake,Indiana,"485,493"
LaPorte,Indiana,"109,888"
Lawrence,Indiana,"45,370"
Madison,Indiana,"129,569"
Marion,Indiana,"964,582"
Marshall,Indiana,"46,258"
Martin,Indiana,"10,255"
Miami,Indiana,"35,516"
Monroe,Indiana,"148,431"
Montgomery,Indiana,"38,338"
Morgan,Indiana,"70,489"
Newton,Indiana,"13,984"
Noble,Indiana,"47,744"
Ohio,Indiana,"5,875"
Orange,Indiana,"19,646"
Owen,Indiana,"20,799"
Parke,Indiana,"16,937"
Perry,Indiana,"19,169"
Pike,Indiana,"12,389"
Porter,Indiana,"170,389"
Posey,Indiana,"25,427"
Pulaski,Indiana,"12,353"
Putnam,Indiana,"37,576"
Randolph,Indiana,"24,665"
Ripley,Indiana,"28,324"
Rush,Indiana,"16,581"
St. Joseph,Indiana,"271,826"
Scott,Indiana,"23,873"
Shelby,Indiana,"44,729"
Spencer,Indiana,"20,277"
Starke,Indiana,"22,995"
Steuben,Indiana,"34,594"
Sullivan,Indiana,"20,669"
Switzerland,Indiana,"10,751"
Tippecanoe,Indiana,"195,732"
Tipton,Indiana,"15,148"
Union,Indiana,"7,054"
Vanderburgh,Indiana,"181,451"
Vermillion,Indiana,"15,498"
Vigo,Indiana,"107,038"
Wabash,Indiana,"30,996"
Warren,Indiana,"8,265"
Warrick,Indiana,"62,998"
Washington,Indiana,"28,036"
Wayne,Indiana,"65,884"
Wells,Indiana,"28,296"
White,Indiana,"24,102"
Whitley,Indiana,"33,964"
Adair,Iowa,"7,152"
Adams,Iowa,"3,602"
Allamakee,Iowa,"13,687"
Appanoose,Iowa,"12,426"
Audubon,Iowa,"5,496"
Benton,Iowa,"25,645"
Black Hawk,Iowa,"131,228"
Boone,Iowa,"26,234"
Bremer,Iowa,"25,062"
Buchanan,Iowa,"21,175"
Buena Vista,Iowa,"19,620"
Butler,Iowa,"14,439"
Calhoun,Iowa,"9,668"
Carroll,Iowa,"20,165"
Cass,Iowa,"12,836"
Cedar,Iowa,"18,627"
Cerro Gordo,Iowa,"42,450"
Cherokee,Iowa,"11,235"
Chickasaw,Iowa,"11,933"
Clarke,Iowa,"9,395"
Clay,Iowa,"16,016"
Clayton,Iowa,"17,549"
Clinton,Iowa,"46,429"
Crawford,Iowa,"16,820"
Dallas,Iowa,"93,453"
Davis,Iowa,"9,000"
Decatur,Iowa,"7,870"
Delaware,Iowa,"17,011"
Des Moines,Iowa,"38,967"
Dickinson,Iowa,"17,258"
Dubuque,Iowa,"97,311"
Emmet,Iowa,"9,208"
Fayette,Iowa,"19,650"
Floyd,Iowa,"15,642"
Franklin,Iowa,"10,070"
Fremont,Iowa,"6,960"
Greene,Iowa,"8,888"
Grundy,Iowa,"12,232"
Guthrie,Iowa,"10,689"
Hamilton,Iowa,"14,773"
Hancock,Iowa,"10,630"
Hardin,Iowa,"16,846"
Harrison,Iowa,"14,049"
Henry,Iowa,"19,954"
Howard,Iowa,"9,158"
Humboldt,Iowa,"9,558"
Ida,Iowa,"6,860"
Iowa,Iowa,"16,184"
Jackson,Iowa,"19,439"
Jasper,Iowa,"37,185"
Jefferson,Iowa,"18,295"
Johnson,Iowa,"151,140"
Jones,Iowa,"20,681"
Keokuk,Iowa,"10,246"
Kossuth,Iowa,"14,813"
Lee,Iowa,"33,657"
Linn,Iowa,"226,706"
Louisa,Iowa,"11,035"
Lucas,Iowa,"8,600"
Lyon,Iowa,"11,755"
Madison,Iowa,"16,338"
Mahaska,Iowa,"22,095"
Marion,Iowa,"33,253"
Marshall,Iowa,"39,369"
Mills,Iowa,"15,109"
Mitchell,Iowa,"10,586"
Monona,Iowa,"8,615"
Monroe,Iowa,"7,707"
Montgomery,Iowa,"9,917"
Muscatine,Iowa,"42,664"
O'Brien,Iowa,"13,753"
Osceola,Iowa,"5,958"
Page,Iowa,"15,107"
Palo Alto,Iowa,"8,886"
Plymouth,Iowa,"25,177"
Pocahontas,Iowa,"6,619"
Polk,Iowa,"490,161"
Pottawattamie,Iowa,"93,206"
Poweshiek,Iowa,"18,504"
Ringgold,Iowa,"4,894"
Sac,Iowa,"9,721"
Scott,Iowa,"172,943"
Shelby,Iowa,"11,454"
Sioux,Iowa,"34,855"
Story,Iowa,"97,117"
Tama,Iowa,"16,854"
Taylor,Iowa,"6,121"
Union,Iowa,"12,241"
Van Buren,Iowa,"7,044"
Wapello,Iowa,"34,969"
Warren,Iowa,"51,466"
Washington,Iowa,"21,965"
Wayne,Iowa,"6,441"
Webster,Iowa,"35,904"
Winnebago,Iowa,"10,354"
Winneshiek,Iowa,"19,991"
Woodbury,Iowa,"103,107"
Worth,Iowa,"7,381"
Wright,Iowa,"12,562"
Allen,Kansas,"12,369"
Anderson,Kansas,"7,858"
Atchison,Kansas,"16,073"
Barber,Kansas,"4,427"
Barton,Kansas,"25,779"
Bourbon,Kansas,"14,534"
Brown,Kansas,"9,564"
Butler,Kansas,"66,911"
Chase,Kansas,"2,648"
Chautauqua,Kansas,"3,250"
Cherokee,Kansas,"19,939"
Cheyenne,Kansas,"2,657"
Clark,Kansas,"1,994"
Clay,Kansas,"8,002"
Cloud,Kansas,"8,786"
Coffey,Kansas,"8,179"
Comanche,Kansas,"1,700"
Cowley,Kansas,"34,908"
Crawford,Kansas,"38,818"
Decatur,Kansas,"2,827"
Dickinson,Kansas,"18,466"
Doniphan,Kansas,"7,600"
Douglas,Kansas,"122,259"
Edwards,Kansas,"2,798"
Elk,Kansas,"2,530"
Ellis,Kansas,"28,553"
Ellsworth,Kansas,"6,102"
Finney,Kansas,"36,467"
Ford,Kansas,"33,619"
Franklin,Kansas,"25,544"
Geary,Kansas,"31,670"
Gove,Kansas,"2,636"
Graham,Kansas,"2,482"
Grant,Kansas,"7,150"
Gray,Kansas,"5,988"
Greeley,Kansas,"1,232"
Greenwood,Kansas,"5,982"
Hamilton,Kansas,"2,539"
Harper,Kansas,"5,436"
Harvey,Kansas,"34,429"
Haskell,Kansas,"3,968"
Hodgeman,Kansas,"1,794"
Jackson,Kansas,"13,171"
Jefferson,Kansas,"19,043"
Jewell,Kansas,"2,879"
Johnson,Kansas,"602,401"
Kearny,Kansas,"3,838"
Kingman,Kansas,"7,152"
Kiowa,Kansas,"2,475"
Labette,Kansas,"19,618"
Lane,Kansas,"1,535"
Leavenworth,Kansas,"81,758"
Lincoln,Kansas,"2,962"
Linn,Kansas,"9,703"
Logan,Kansas,"2,794"
Lyon,Kansas,"33,195"
McPherson,Kansas,"28,542"
Marion,Kansas,"11,884"
Marshall,Kansas,"9,707"
Meade,Kansas,"4,033"
Miami,Kansas,"34,237"
Mitchell,Kansas,"5,979"
Montgomery,Kansas,"31,829"
Morris,Kansas,"5,620"
Morton,Kansas,"2,587"
Nemaha,Kansas,"10,231"
Neosho,Kansas,"16,007"
Ness,Kansas,"2,750"
Norton,Kansas,"5,361"
Osage,Kansas,"15,949"
Osborne,Kansas,"3,421"
Ottawa,Kansas,"5,704"
Pawnee,Kansas,"6,414"
Phillips,Kansas,"5,234"
Pottawatomie,Kansas,"24,383"
Pratt,Kansas,"9,164"
Rawlins,Kansas,"2,530"
Reno,Kansas,"61,998"
Republic,Kansas,"4,636"
Rice,Kansas,"9,537"
Riley,Kansas,"74,232"
Rooks,Kansas,"4,920"
Rush,Kansas,"3,036"
Russell,Kansas,"6,856"
Saline,Kansas,"54,224"
Scott,Kansas,"4,823"
Sedgwick,Kansas,"516,042"
Seward,Kansas,"21,428"
Shawnee,Kansas,"176,875"
Sheridan,Kansas,"2,521"
Sherman,Kansas,"5,917"
Smith,Kansas,"3,583"
Stafford,Kansas,"4,156"
Stanton,Kansas,"2,006"
Stevens,Kansas,"5,485"
Sumner,Kansas,"22,836"
Thomas,Kansas,"7,777"
Trego,Kansas,"2,803"
Wabaunsee,Kansas,"6,931"
Wallace,Kansas,"1,518"
Washington,Kansas,"5,406"
Wichita,Kansas,"2,119"
Wilson,Kansas,"8,525"
Woodson,Kansas,"3,138"
Wyandotte,Kansas,"165,429"
Adair,Kentucky,"19,202"
Allen,Kentucky,"21,315"
Anderson,Kentucky,"22,747"
Ballard,Kentucky,"7,888"
Barren,Kentucky,"44,249"
Bath,Kentucky,"12,500"
Bell,Kentucky,"26,032"
Boone,Kentucky,"133,581"
Bourbon,Kentucky,"19,788"
Boyd,Kentucky,"46,718"
Boyle,Kentucky,"30,060"
Bracken,Kentucky,"8,303"
Breathitt,Kentucky,"12,630"
Breckinridge,Kentucky,"20,477"
Bullitt,Kentucky,"81,676"
Butler,Kentucky,"12,879"
Caldwell,Kentucky,"12,747"
Calloway,Kentucky,"39,001"
Campbell,Kentucky,"93,584"
Carlisle,Kentucky,"4,760"
Carroll,Kentucky,"10,631"
Carter,Kentucky,"26,797"
Casey,Kentucky,"16,159"
Christian,Kentucky,"70,461"
Clark,Kentucky,"36,263"
Clay,Kentucky,"19,901"
Clinton,Kentucky,"10,218"
Crittenden,Kentucky,"8,806"
Cumberland,Kentucky,"6,614"
Daviess,Kentucky,"101,511"
Edmonson,Kentucky,"12,150"
Elliott,Kentucky,"7,517"
Estill,Kentucky,"14,106"
Fayette,Kentucky,"323,152"
Fleming,Kentucky,"14,581"
Floyd,Kentucky,"35,589"
Franklin,Kentucky,"50,991"
Fulton,Kentucky,"5,969"
Gallatin,Kentucky,"8,869"
Garrard,Kentucky,"17,666"
Grant,Kentucky,"25,069"
Graves,Kentucky,"37,266"
Grayson,Kentucky,"26,427"
Green,Kentucky,"10,941"
Greenup,Kentucky,"35,098"
Hancock,Kentucky,"8,722"
Hardin,Kentucky,"110,958"
Harlan,Kentucky,"26,010"
Harrison,Kentucky,"18,886"
Hart,Kentucky,"19,035"
Henderson,Kentucky,"45,210"
Henry,Kentucky,"16,126"
Hickman,Kentucky,"4,380"
Hopkins,Kentucky,"44,686"
Jackson,Kentucky,"13,329"
Jefferson,Kentucky,"766,757"
Jessamine,Kentucky,"54,115"
Johnson,Kentucky,"22,188"
Kenton,Kentucky,"166,998"
Knott,Kentucky,"14,806"
Knox,Kentucky,"31,145"
Larue,Kentucky,"14,398"
Laurel,Kentucky,"60,813"
Lawrence,Kentucky,"15,317"
Lee,Kentucky,"7,403"
Leslie,Kentucky,"9,877"
Letcher,Kentucky,"21,553"
Lewis,Kentucky,"13,275"
Lincoln,Kentucky,"24,549"
Livingston,Kentucky,"9,194"
Logan,Kentucky,"27,102"
Lyon,Kentucky,"8,210"
McCracken,Kentucky,"65,418"
McCreary,Kentucky,"17,231"
McLean,Kentucky,"9,207"
Madison,Kentucky,"92,987"
Magoffin,Kentucky,"12,161"
Marion,Kentucky,"19,273"
Marshall,Kentucky,"31,100"
Martin,Kentucky,"11,195"
Mason,Kentucky,"17,070"
Meade,Kentucky,"28,572"
Menifee,Kentucky,"6,489"
Mercer,Kentucky,"21,933"
Metcalfe,Kentucky,"10,071"
Monroe,Kentucky,"10,650"
Montgomery,Kentucky,"28,157"
Morgan,Kentucky,"13,309"
Muhlenberg,Kentucky,"30,622"
Nelson,Kentucky,"46,233"
Nicholas,Kentucky,"7,269"
Ohio,Kentucky,"23,994"
Oldham,Kentucky,"66,799"
Owen,Kentucky,"10,901"
Owsley,Kentucky,"4,415"
Pendleton,Kentucky,"14,590"
Perry,Kentucky,"25,758"
Pike,Kentucky,"57,876"
Powell,Kentucky,"12,359"
Pulaski,Kentucky,"64,979"
Robertson,Kentucky,"2,108"
Rockcastle,Kentucky,"16,695"
Rowan,Kentucky,"24,460"
Russell,Kentucky,"17,923"
Scott,Kentucky,"57,004"
Shelby,Kentucky,"49,024"
Simpson,Kentucky,"18,572"
Spencer,Kentucky,"19,351"
Taylor,Kentucky,"25,769"
Todd,Kentucky,"12,294"
Trigg,Kentucky,"14,651"
Trimble,Kentucky,"8,471"
Union,Kentucky,"14,381"
Warren,Kentucky,"132,896"
Washington,Kentucky,"12,095"
Wayne,Kentucky,"20,333"
Webster,Kentucky,"12,942"
Whitley,Kentucky,"36,264"
Wolfe,Kentucky,"7,157"
Woodford,Kentucky,"26,734"
Acadia,Louisiana,"62,045"
Allen,Louisiana,"25,627"
Ascension,Louisiana,"126,604"
Assumption,Louisiana,"21,891"
Avoyelles,Louisiana,"40,144"
Beauregard,Louisiana,"37,497"
Bienville,Louisiana,"13,241"
Bossier,Louisiana,"127,039"
Caddo,Louisiana,"240,204"
Calcasieu,Louisiana,"203,436"
Caldwell,Louisiana,"9,918"
Cameron,Louisiana,"6,973"
Catahoula,Louisiana,"9,494"
Claiborne,Louisiana,"15,670"
Concordia,Louisiana,"19,259"
De Soto,Louisiana,"27,463"
East Baton Rouge,Louisiana,"440,059"
East Carroll,Louisiana,"6,861"
East Feliciana,Louisiana,"19,135"
Evangeline,Louisiana,"33,395"
Franklin,Louisiana,"20,015"
Grant,Louisiana,"22,389"
Iberia,Louisiana,"69,830"
Iberville,Louisiana,"32,511"
Jackson,Louisiana,"15,744"
Jefferson,Louisiana,"432,493"
Jefferson Davis,Louisiana,"31,368"
Lafayette,Louisiana,"244,390"
Lafourche,Louisiana,"97,614"
LaSalle,Louisiana,"14,892"
Lincoln,Louisiana,"46,742"
Livingston,Louisiana,"140,789"
Madison,Louisiana,"10,951"
Morehouse,Louisiana,"24,874"
Natchitoches,Louisiana,"38,158"
Orleans,Louisiana,"390,144"
Ouachita,Louisiana,"153,279"
Plaquemines,Louisiana,"23,197"
Pointe Coupee,Louisiana,"21,730"
Rapides,Louisiana,"129,648"
Red River,Louisiana,"8,442"
Richland,Louisiana,"20,122"
Sabine,Louisiana,"23,884"
St. Bernard,Louisiana,"47,244"
St. Charles,Louisiana,"53,100"
St. Helena,Louisiana,"10,132"
St. James,Louisiana,"21,096"
St. John the Baptist,Louisiana,"42,837"
St. Landry,Louisiana,"82,124"
St. Martin,Louisiana,"53,431"
St. Mary,Louisiana,"49,348"
St. Tammany,Louisiana,"260,419"
Tangipahoa,Louisiana,"134,758"
Tensas,Louisiana,"4,334"
Terrebonne,Louisiana,"110,461"
Union,Louisiana,"22,108"
Vermilion,Louisiana,"59,511"
Vernon,Louisiana,"47,429"
Washington,Louisiana,"46,194"
Webster,Louisiana,"38,340"
West Baton Rouge,Louisiana,"26,465"
West Carroll,Louisiana,"10,830"
West Feliciana,Louisiana,"15,568"
Winn,Louisiana,"13,904"
Androscoggin,Maine,"108,277"
Aroostook,Maine,"67,055"
Cumberland,Maine,"295,003"
Franklin,Maine,"30,199"
Hancock,Maine,"54,987"
Kennebec,Maine,"122,302"
Knox,Maine,"39,772"
Lincoln,Maine,"34,634"
Oxford,Maine,"57,975"
Penobscot,Maine,"152,148"
Piscataquis,Maine,"16,785"
Sagadahoc,Maine,"35,856"
Somerset,Maine,"50,484"
Waldo,Maine,"39,715"
Washington,Maine,"31,379"
York,Maine,"207,641"
Allegany,Maryland,"70,416"
Anne Arundel,Maryland,"579,234"
Baltimore,Maryland,"827,370"
Calvert,Maryland,"92,525"
Caroline,Maryland,"33,406"
Carroll,Maryland,"168,447"
Cecil,Maryland,"102,855"
Charles,Maryland,"163,257"
Dorchester,Maryland,"31,929"
Frederick,Maryland,"259,547"
Garrett,Maryland,"29,014"
Harford,Maryland,"255,441"
Howard,Maryland,"325,690"
Kent,Maryland,"19,422"
Montgomery,Maryland,"1,050,688"
Prince George's,Maryland,"909,327"
Queen Anne's,Maryland,"50,381"
St. Mary's,Maryland,"113,510"
Somerset,Maryland,"25,616"
Talbot,Maryland,"37,181"
Washington,Maryland,"151,049"
Wicomico,Maryland,"103,609"
Worcester,Maryland,"52,276"
Baltimore city,Maryland,"593,490"
Barnstable,Massachusetts,"212,990"
Berkshire,Massachusetts,"124,944"
Bristol,Massachusetts,"565,217"
Dukes,Massachusetts,"17,332"
Essex,Massachusetts,"789,034"
Franklin,Massachusetts,"70,180"
Hampden,Massachusetts,"466,372"
Hampshire,Massachusetts,"160,830"
Middlesex,Massachusetts,"1,611,699"
Nantucket,Massachusetts,"11,399"
Norfolk,Massachusetts,"706,775"
Plymouth,Massachusetts,"521,202"
Suffolk,Massachusetts,"803,907"
Worcester,Massachusetts,"830,622"
Alcona,Michigan,"10,405"
Alger,Michigan,"9,108"
Allegan,Michigan,"118,081"
Alpena,Michigan,"28,405"
Antrim,Michigan,"23,324"
Arenac,Michigan,"14,883"
Baraga,Michigan,"8,209"
Barry,Michigan,"61,550"
Bay,Michigan,"103,126"
Benzie,Michigan,"17,766"
Berrien,Michigan,"153,401"
Branch,Michigan,"43,517"
Calhoun,Michigan,"134,159"
Cass,Michigan,"51,787"
Charlevoix,Michigan,"26,143"
Cheboygan,Michigan,"25,276"
Chippewa,Michigan,"37,349"
Clare,Michigan,"30,950"
Clinton,Michigan,"79,595"
Crawford,Michigan,"14,029"
Delta,Michigan,"35,784"
Dickinson,Michigan,"25,239"
Eaton,Michigan,"110,268"
Emmet,Michigan,"33,415"
Genesee,Michigan,"405,813"
Gladwin,Michigan,"25,449"
Gogebic,Michigan,"13,975"
Grand Traverse,Michigan,"93,088"
Gratiot,Michigan,"40,711"
Hillsdale,Michigan,"45,605"
Houghton,Michigan,"35,684"
Huron,Michigan,"30,981"
Ingham,Michigan,"292,406"
Ionia,Michigan,"64,697"
Iosco,Michigan,"25,127"
Iron,Michigan,"11,066"
Isabella,Michigan,"69,872"
Jackson,Michigan,"158,510"
Kalamazoo,Michigan,"265,066"
Kalkaska,Michigan,"18,038"
Kent,Michigan,"656,955"
Keweenaw,Michigan,"2,116"
Lake,Michigan,"11,853"
Lapeer,Michigan,"87,607"
Leelanau,Michigan,"21,761"
Lenawee,Michigan,"98,451"
Livingston,Michigan,"191,995"
Luce,Michigan,"6,229"
Mackinac,Michigan,"10,799"
Macomb,Michigan,"873,972"
Manistee,Michigan,"24,558"
Marquette,Michigan,"66,699"
Mason,Michigan,"29,144"
Mecosta,Michigan,"43,453"
Menominee,Michigan,"22,780"
Midland,Michigan,"83,156"
Missaukee,Michigan,"15,118"
Monroe,Michigan,"150,500"
Montcalm,Michigan,"63,888"
Montmorency,Michigan,"9,328"
Muskegon,Michigan,"173,566"
Newaygo,Michigan,"48,980"
Oakland,Michigan,"1,257,584"
Oceana,Michigan,"26,467"
Ogemaw,Michigan,"20,997"
Ontonagon,Michigan,"5,720"
Osceola,Michigan,"23,460"
Oscoda,Michigan,"8,241"
Otsego,Michigan,"24,668"
Ottawa,Michigan,"291,830"
Presque Isle,Michigan,"12,592"
Roscommon,Michigan,"24,019"
Saginaw,Michigan,"190,539"
St. Clair,Michigan,"159,128"
St. Joseph,Michigan,"60,964"
Sanilac,Michigan,"41,170"
Schoolcraft,Michigan,"8,094"
Shiawassee,Michigan,"68,122"
Tuscola,Michigan,"52,245"
Van Buren,Michigan,"75,677"
Washtenaw,Michigan,"367,601"
Wayne,Michigan,"1,749,343"
Wexford,Michigan,"33,631"
Aitkin,Minnesota,"15,886"
Anoka,Minnesota,"356,921"
Becker,Minnesota,"34,423"
Beltrami,Minnesota,"47,188"
Benton,Minnesota,"40,889"
Big Stone,Minnesota,"4,991"
Blue Earth,Minnesota,"67,653"
Brown,Minnesota,"25,008"
Carlton,Minnesota,"35,871"
Carver,Minnesota,"105,089"
Cass,Minnesota,"29,779"
Chippewa,Minnesota,"11,800"
Chisago,Minnesota,"56,579"
Clay,Minnesota,"64,222"
Clearwater,Minnesota,"8,818"
Cook,Minnesota,"5,463"
Cottonwood,Minnesota,"11,196"
Crow Wing,Minnesota,"65,055"
Dakota,Minnesota,"429,021"
Dodge,Minnesota,"20,934"
Douglas,Minnesota,"38,141"
Faribault,Minnesota,"13,653"
Fillmore,Minnesota,"21,067"
Freeborn,Minnesota,"30,281"
Goodhue,Minnesota,"46,340"
Grant,Minnesota,"5,972"
Hennepin,Minnesota,"1,265,843"
Houston,Minnesota,"18,600"
Hubbard,Minnesota,"21,491"
Isanti,Minnesota,"40,596"
Itasca,Minnesota,"45,130"
Jackson,Minnesota,"9,846"
Kanabec,Minnesota,"16,337"
Kandiyohi,Minnesota,"43,199"
Kittson,Minnesota,"4,298"
Koochiching,Minnesota,"12,229"
Lac qui Parle,Minnesota,"6,623"
Lake,Minnesota,"10,641"
Lake of the Woods,Minnesota,"3,740"
Le Sueur,Minnesota,"28,887"
Lincoln,Minnesota,"5,639"
Lyon,Minnesota,"25,474"
McLeod,Minnesota,"35,893"
Mahnomen,Minnesota,"5,527"
Marshall,Minnesota,"9,336"
Martin,Minnesota,"19,683"
Meeker,Minnesota,"23,222"
Mille Lacs,Minnesota,"26,277"
Morrison,Minnesota,"33,386"
Mower,Minnesota,"40,062"
Murray,Minnesota,"8,194"
Nicollet,Minnesota,"34,274"
Nobles,Minnesota,"21,629"
Norman,Minnesota,"6,375"
Olmsted,Minnesota,"158,293"
Otter Tail,Minnesota,"58,746"
Pennington,Minnesota,"14,119"
Pine,Minnesota,"29,579"
Pipestone,Minnesota,"9,126"
Polk,Minnesota,"31,364"
Pope,Minnesota,"11,249"
Ramsey,Minnesota,"550,321"
Red Lake,Minnesota,"4,055"
Redwood,Minnesota,"15,170"
Renville,Minnesota,"14,548"
Rice,Minnesota,"66,972"
Rock,Minnesota,"9,315"
Roseau,Minnesota,"15,165"
St. Louis,Minnesota,"199,070"
Scott,Minnesota,"149,013"
Sherburne,Minnesota,"97,238"
Sibley,Minnesota,"14,865"
Stearns,Minnesota,"161,075"
Steele,Minnesota,"36,649"
Stevens,Minnesota,"9,805"
Swift,Minnesota,"9,266"
Todd,Minnesota,"24,664"
Traverse,Minnesota,"3,259"
Wabasha,Minnesota,"21,627"
Wadena,Minnesota,"13,682"
Waseca,Minnesota,"18,612"
Washington,Minnesota,"262,440"
Watonwan,Minnesota,"10,897"
Wilkin,Minnesota,"6,207"
Winona,Minnesota,"50,484"
Wright,Minnesota,"138,377"
Yellow Medicine,Minnesota,"9,709"
Adams,Mississippi,"30,693"
Alcorn,Mississippi,"36,953"
Amite,Mississippi,"12,297"
Attala,Mississippi,"18,174"
Benton,Mississippi,"8,259"
Bolivar,Mississippi,"30,628"
Calhoun,Mississippi,"14,361"
Carroll,Mississippi,"9,947"
Chickasaw,Mississippi,"17,103"
Choctaw,Mississippi,"8,210"
Claiborne,Mississippi,"8,988"
Clarke,Mississippi,"15,541"
Clay,Mississippi,"19,316"
Coahoma,Mississippi,"22,124"
Copiah,Mississippi,"28,065"
Covington,Mississippi,"18,636"
DeSoto,Mississippi,"184,945"
Forrest,Mississippi,"74,897"
Franklin,Mississippi,"7,713"
George,Mississippi,"24,500"
Greene,Mississippi,"13,586"
Grenada,Mississippi,"20,758"
Hancock,Mississippi,"47,632"
Harrison,Mississippi,"208,080"
Hinds,Mississippi,"231,840"
Holmes,Mississippi,"17,010"
Humphreys,Mississippi,"8,064"
Issaquena,Mississippi,"1,327"
Itawamba,Mississippi,"23,390"
Jackson,Mississippi,"143,617"
Jasper,Mississippi,"16,383"
Jefferson,Mississippi,"6,990"
Jefferson Davis,Mississippi,"11,128"
Jones,Mississippi,"68,098"
Kemper,Mississippi,"9,742"
Lafayette,Mississippi,"54,019"
Lamar,Mississippi,"63,343"
Lauderdale,Mississippi,"74,125"
Lawrence,Mississippi,"12,586"
Leake,Mississippi,"22,786"
Lee,Mississippi,"85,436"
Leflore,Mississippi,"28,183"
Lincoln,Mississippi,"34,153"
Lowndes,Mississippi,"58,595"
Madison,Mississippi,"106,272"
Marion,Mississippi,"24,573"
Marshall,Mississippi,"35,294"
Monroe,Mississippi,"35,252"
Montgomery,Mississippi,"9,775"
Neshoba,Mississippi,"29,118"
Newton,Mississippi,"21,018"
Noxubee,Mississippi,"10,417"
Oktibbeha,Mississippi,"49,587"
Panola,Mississippi,"34,192"
Pearl River,Mississippi,"55,535"
Perry,Mississippi,"11,973"
Pike,Mississippi,"39,288"
Pontotoc,Mississippi,"32,174"
Prentiss,Mississippi,"25,126"
Quitman,Mississippi,"6,792"
Rankin,Mississippi,"155,271"
Scott,Mississippi,"28,124"
Sharkey,Mississippi,"4,321"
Simpson,Mississippi,"26,658"
Smith,Mississippi,"15,916"
Stone,Mississippi,"18,336"
Sunflower,Mississippi,"25,110"
Tallahatchie,Mississippi,"13,809"
Tate,Mississippi,"28,321"
Tippah,Mississippi,"22,015"
Tishomingo,Mississippi,"19,383"
Tunica,Mississippi,"9,632"
Union,Mississippi,"28,815"
Walthall,Mississippi,"14,286"
Warren,Mississippi,"45,381"
Washington,Mississippi,"43,909"
Wayne,Mississippi,"20,183"
Webster,Mississippi,"9,689"
Wilkinson,Mississippi,"8,630"
Winston,Mississippi,"17,955"
Yalobusha,Mississippi,"12,108"
Yazoo,Mississippi,"29,690"
Adair,Missouri,"25,343"
Andrew,Missouri,"17,712"
Atchison,Missouri,"5,143"
Audrain,Missouri,"25,388"
Barry,Missouri,"35,789"
Barton,Missouri,"11,754"
Bates,Missouri,"16,172"
Benton,Missouri,"19,443"
Bollinger,Missouri,"12,133"
Boone,Missouri,"180,463"
Buchanan,Missouri,"87,364"
Butler,Missouri,"42,478"
Caldwell,Missouri,"9,020"
Callaway,Missouri,"44,743"
Camden,Missouri,"46,305"
Cape Girardeau,Missouri,"78,871"
Carroll,Missouri,"8,679"
Carter,Missouri,"5,982"
Cass,Missouri,"105,780"
Cedar,Missouri,"14,349"
Chariton,Missouri,"7,426"
Christian,Missouri,"88,595"
Clark,Missouri,"6,797"
Clay,Missouri,"249,948"
Clinton,Missouri,"20,387"
Cole,Missouri,"76,745"
Cooper,Missouri,"17,709"
Crawford,Missouri,"23,920"
Dade,Missouri,"7,561"
Dallas,Missouri,"16,878"
Daviess,Missouri,"8,278"
DeKalb,Missouri,"12,547"
Dent,Missouri,"15,573"
Douglas,Missouri,"13,185"
Dunklin,Missouri,"29,131"
Franklin,Missouri,"103,967"
Gasconade,Missouri,"14,706"
Gentry,Missouri,"6,571"
Greene,Missouri,"293,086"
Grundy,Missouri,"9,850"
Harrison,Missouri,"8,352"
Henry,Missouri,"21,824"
Hickory,Missouri,"9,544"
Holt,Missouri,"4,403"
Howard,Missouri,"10,001"
Howell,Missouri,"40,117"
Iron,Missouri,"10,125"
Jackson,Missouri,"703,011"
Jasper,Missouri,"121,328"
Jefferson,Missouri,"225,081"
Johnson,Missouri,"54,062"
Knox,Missouri,"3,959"
Laclede,Missouri,"35,723"
Lafayette,Missouri,"32,708"
Lawrence,Missouri,"38,355"
Lewis,Missouri,"9,776"
Lincoln,Missouri,"59,013"
Linn,Missouri,"11,920"
Livingston,Missouri,"15,227"
McDonald,Missouri,"22,837"
Macon,Missouri,"15,117"
Madison,Missouri,"12,088"
Maries,Missouri,"8,697"
Marion,Missouri,"28,530"
Mercer,Missouri,"3,617"
Miller,Missouri,"25,619"
Mississippi,Missouri,"13,180"
Moniteau,Missouri,"16,132"
Monroe,Missouri,"8,644"
Montgomery,Missouri,"11,551"
Morgan,Missouri,"20,627"
New Madrid,Missouri,"17,076"
Newton,Missouri,"58,236"
Nodaway,Missouri,"22,092"
Oregon,Missouri,"10,529"
Osage,Missouri,"13,615"
Ozark,Missouri,"9,174"
Pemiscot,Missouri,"15,805"
Perry,Missouri,"19,136"
Pettis,Missouri,"42,339"
Phelps,Missouri,"44,573"
Pike,Missouri,"18,302"
Platte,Missouri,"104,418"
Polk,Missouri,"32,149"
Pulaski,Missouri,"52,607"
Putnam,Missouri,"4,696"
Ralls,Missouri,"10,309"
Randolph,Missouri,"24,748"
Ray,Missouri,"23,018"
Reynolds,Missouri,"6,270"
Ripley,Missouri,"13,288"
St. Charles,Missouri,"402,022"
St. Clair,Missouri,"9,397"
Ste. Genevieve,Missouri,"17,894"
St. Francois,Missouri,"67,215"
St. Louis,Missouri,"994,205"
Saline,Missouri,"22,761"
Schuyler,Missouri,"4,660"
Scotland,Missouri,"4,902"
Scott,Missouri,"38,280"
Shannon,Missouri,"8,166"
Shelby,Missouri,"5,930"
Stoddard,Missouri,"29,025"
Stone,Missouri,"31,952"
Sullivan,Missouri,"6,089"
Taney,Missouri,"55,928"
Texas,Missouri,"25,398"
Vernon,Missouri,"20,563"
Warren,Missouri,"35,649"
Washington,Missouri,"24,730"
Wayne,Missouri,"12,873"
Webster,Missouri,"39,592"
Worth,Missouri,"2,013"
Wright,Missouri,"18,289"
St. Louis city,Missouri,"300,576"
Beaverhead,Montana,"9,453"
Big Horn,Montana,"13,319"
Blaine,Montana,"6,681"
Broadwater,Montana,"6,237"
Carbon,Montana,"10,725"
Carter,Montana,"1,252"
Cascade,Montana,"81,366"
Chouteau,Montana,"5,635"
Custer,Montana,"11,402"
Daniels,Montana,"1,690"
Dawson,Montana,"8,613"
Deer Lodge,Montana,"9,140"
Fallon,Montana,"2,846"
Fergus,Montana,"11,050"
Flathead,Montana,"103,806"
Gallatin,Montana,"114,434"
Garfield,Montana,"1,258"
Glacier,Montana,"13,753"
Golden Valley,Montana,821
Granite,Montana,"3,379"
Hill,Montana,"16,484"
Jefferson,Montana,"12,221"
Judith Basin,Montana,"2,007"
Lake,Montana,"30,458"
Lewis and Clark,Montana,"69,432"
Liberty,Montana,"2,337"
Lincoln,Montana,"19,980"
McCone,Montana,"1,664"
Madison,Montana,"8,600"
Meagher,Montana,"1,862"
Mineral,Montana,"4,397"
Missoula,Montana,"119,600"
Musselshell,Montana,"4,633"
Park,Montana,"16,606"
Petroleum,Montana,487
Phillips,Montana,"3,954"
Pondera,Montana,"5,911"
Powder River,Montana,"1,682"
Powell,Montana,"6,890"
Prairie,Montana,"1,077"
Ravalli,Montana,"43,806"
Richland,Montana,"10,803"
Roosevelt,Montana,"11,004"
Rosebud,Montana,"8,937"
Sanders,Montana,"12,113"
Sheridan,Montana,"3,309"
Silver Bow,Montana,"34,915"
Stillwater,Montana,"9,642"
Sweet Grass,Montana,"3,737"
Teton,Montana,"6,147"
Toole,Montana,"4,736"
Treasure,Montana,696
Valley,Montana,"7,396"
Wheatland,Montana,"2,126"
Wibaux,Montana,969
Yellowstone,Montana,"161,300"
Adams,Nebraska,"31,363"
Antelope,Nebraska,"6,298"
Arthur,Nebraska,463
Banner,Nebraska,745
Blaine,Nebraska,465
Boone,Nebraska,"5,192"
Box Butte,Nebraska,"10,783"
Boyd,Nebraska,"1,919"
Brown,Nebraska,"2,955"
Buffalo,Nebraska,"49,659"
Burt,Nebraska,"6,459"
Butler,Nebraska,"8,016"
Cass,Nebraska,"26,248"
Cedar,Nebraska,"8,402"
Chase,Nebraska,"3,924"
Cherry,Nebraska,"5,689"
Cheyenne,Nebraska,"8,910"
Clay,Nebraska,"6,203"
Colfax,Nebraska,"10,709"
Cuming,Nebraska,"8,846"
Custer,Nebraska,"10,777"
Dakota,Nebraska,"20,026"
Dawes,Nebraska,"8,589"
Dawson,Nebraska,"23,595"
Deuel,Nebraska,"1,794"
Dixon,Nebraska,"5,636"
Dodge,Nebraska,"36,565"
Douglas,Nebraska,"571,327"
Dundy,Nebraska,"1,693"
Fillmore,Nebraska,"5,462"
Franklin,Nebraska,"2,979"
Frontier,Nebraska,"2,627"
Furnas,Nebraska,"4,676"
Gage,Nebraska,"21,513"
Garden,Nebraska,"1,837"
Garfield,Nebraska,"1,969"
Gosper,Nebraska,"1,990"
Grant,Nebraska,623
Greeley,Nebraska,"2,356"
Hall,Nebraska,"61,353"
Hamilton,Nebraska,"9,324"
Harlan,Nebraska,"3,380"
Hayes,Nebraska,922
Hitchcock,Nebraska,"2,762"
Holt,Nebraska,"10,067"
Hooker,Nebraska,682
Howard,Nebraska,"6,445"
Jefferson,Nebraska,"7,046"
Johnson,Nebraska,"5,071"
Kearney,Nebraska,"6,495"
Keith,Nebraska,"8,034"
Keya Paha,Nebraska,806
Kimball,Nebraska,"3,632"
Knox,Nebraska,"8,332"
Lancaster,Nebraska,"319,090"
Lincoln,Nebraska,"34,914"
Logan,Nebraska,748
Loup,Nebraska,664
McPherson,Nebraska,494
Madison,Nebraska,"35,099"
Merrick,Nebraska,"7,755"
Morrill,Nebraska,"4,642"
Nance,Nebraska,"3,519"
Nemaha,Nebraska,"6,972"
Nuckolls,Nebraska,"4,148"
Otoe,Nebraska,"16,012"
Pawnee,Nebraska,"2,613"
Perkins,Nebraska,"2,891"
Phelps,Nebraska,"9,034"
Pierce,Nebraska,"7,148"
Platte,Nebraska,"33,470"
Polk,Nebraska,"5,213"
Red Willow,Nebraska,"10,724"
Richardson,Nebraska,"7,865"
Rock,Nebraska,"1,357"
Saline,Nebraska,"14,224"
Sarpy,Nebraska,"187,196"
Saunders,Nebraska,"21,578"
Scotts Bluff,Nebraska,"35,618"
Seward,Nebraska,"17,284"
Sheridan,Nebraska,"5,246"
Sherman,Nebraska,"3,001"
Sioux,Nebraska,"1,166"
Stanton,Nebraska,"5,920"
Thayer,Nebraska,"5,003"
Thomas,Nebraska,722
Thurston,Nebraska,"7,224"
Valley,Nebraska,"4,158"
Washington,Nebraska,"20,729"
Wayne,Nebraska,"9,385"
Webster,Nebraska,"3,487"
Wheeler,Nebraska,783
York,Nebraska,"13,679"
Churchill,Nevada,"24,909"
Clark,Nevada,"2,266,715"
Douglas,Nevada,"48,905"
Elko,Nevada,"52,778"
Esmeralda,Nevada,873
Eureka,Nevada,"2,029"
Humboldt,Nevada,"16,831"
Lander,Nevada,"5,532"
Lincoln,Nevada,"5,183"
Lyon,Nevada,"57,510"
Mineral,Nevada,"4,505"
Nye,Nevada,"46,523"
Pershing,Nevada,"6,725"
Storey,Nevada,"4,123"
Washoe,Nevada,"471,519"
White Pine,Nevada,"9,580"
Carson City,Nevada,"55,916"
Belknap,New Hampshire,"61,303"
Carroll,New Hampshire,"48,910"
Cheshire,New Hampshire,"76,085"
Coos,New Hampshire,"31,563"
Grafton,New Hampshire,"89,886"
Hillsborough,New Hampshire,"417,025"
Merrimack,New Hampshire,"151,391"
Rockingham,New Hampshire,"309,769"
Strafford,New Hampshire,"130,633"
Sullivan,New Hampshire,"43,146"
Atlantic,New Jersey,"263,670"
Bergen,New Jersey,"932,202"
Burlington,New Jersey,"445,349"
Camden,New Jersey,"506,471"
Cape May,New Jersey,"92,039"
Cumberland,New Jersey,"149,527"
Essex,New Jersey,"798,975"
Gloucester,New Jersey,"291,636"
Hudson,New Jersey,"672,391"
Hunterdon,New Jersey,"124,371"
Mercer,New Jersey,"367,430"
Middlesex,New Jersey,"825,062"
Monmouth,New Jersey,"618,795"
Morris,New Jersey,"491,845"
Ocean,New Jersey,"607,186"
Passaic,New Jersey,"501,826"
Salem,New Jersey,"62,385"
Somerset,New Jersey,"328,934"
Sussex,New Jersey,"140,488"
Union,New Jersey,"556,341"
Warren,New Jersey,"105,267"
Bernalillo,New Mexico,"679,121"
Catron,New Mexico,"3,527"
Chaves,New Mexico,"64,615"
Cibola,New Mexico,"26,675"
Colfax,New Mexico,"11,941"
Curry,New Mexico,"48,954"
De Baca,New Mexico,"1,748"
Do√±a Ana,New Mexico,"218,195"
Eddy,New Mexico,"58,460"
Grant,New Mexico,"26,998"
Guadalupe,New Mexico,"4,300"
Harding,New Mexico,625
Hidalgo,New Mexico,"4,198"
Lea,New Mexico,"71,070"
Lincoln,New Mexico,"19,572"
Los Alamos,New Mexico,"19,369"
Luna,New Mexico,"23,709"
McKinley,New Mexico,"71,367"
Mora,New Mexico,"4,521"
Otero,New Mexico,"67,490"
Quay,New Mexico,"8,253"
Rio Arriba,New Mexico,"38,921"
Roosevelt,New Mexico,"18,500"
Sandoval,New Mexico,"146,748"
San Juan,New Mexico,"123,958"
San Miguel,New Mexico,"27,277"
Santa Fe,New Mexico,"150,358"
Sierra,New Mexico,"10,791"
Socorro,New Mexico,"16,637"
Taos,New Mexico,"32,723"
Torrance,New Mexico,"15,461"
Union,New Mexico,"4,059"
Valencia,New Mexico,"76,688"
Albany,New York,"305,506"
Allegany,New York,"46,091"
Bronx,New York,"1,418,207"
Broome,New York,"190,488"
Cattaraugus,New York,"76,117"
Cayuga,New York,"76,576"
Chautauqua,New York,"126,903"
Chemung,New York,"83,456"
Chenango,New York,"47,207"
Clinton,New York,"80,485"
Columbia,New York,"59,461"
Cortland,New York,"47,581"
Delaware,New York,"44,135"
Dutchess,New York,"294,218"
Erie,New York,"918,702"
Essex,New York,"36,885"
Franklin,New York,"50,022"
Fulton,New York,"53,383"
Genesee,New York,"57,280"
Greene,New York,"47,188"
Hamilton,New York,"4,416"
Herkimer,New York,"61,319"
Jefferson,New York,"109,834"
Kings,New York,"2,559,903"
Lewis,New York,"26,296"
Livingston,New York,"62,914"
Madison,New York,"70,941"
Monroe,New York,"741,770"
Montgomery,New York,"49,221"
Nassau,New York,"1,356,924"
New York City,New York,"1,628,706"
Niagara,New York,"209,281"
Oneida,New York,"228,671"
Onondaga,New York,"460,528"
Ontario,New York,"109,777"
Orange,New York,"384,940"
Orleans,New York,"40,352"
Oswego,New York,"117,124"
Otsego,New York,"59,493"
Putnam,New York,"98,320"
Queens,New York,"2,253,858"
Rensselaer,New York,"158,714"
Richmond,New York,"476,143"
Rockland,New York,"325,789"
St. Lawrence,New York,"107,740"
Saratoga,New York,"229,863"
Schenectady,New York,"155,299"
Schoharie,New York,"30,999"
Schuyler,New York,"17,807"
Seneca,New York,"34,016"
Steuben,New York,"95,379"
Suffolk,New York,"1,476,601"
Sullivan,New York,"75,432"
Tioga,New York,"48,203"
Tompkins,New York,"102,180"
Ulster,New York,"177,573"
Warren,New York,"63,944"
Washington,New York,"61,204"
Wayne,New York,"89,918"
Westchester,New York,"967,506"
Wyoming,New York,"39,859"
Yates,New York,"24,913"
Alamance,North Carolina,"169,509"
Alexander,North Carolina,"37,497"
Alleghany,North Carolina,"11,137"
Anson,North Carolina,"24,446"
Ashe,North Carolina,"27,203"
Avery,North Carolina,"17,557"
Beaufort,North Carolina,"46,994"
Bertie,North Carolina,"18,947"
Bladen,North Carolina,"32,722"
Brunswick,North Carolina,"142,820"
Buncombe,North Carolina,"261,191"
Burke,North Carolina,"90,485"
Cabarrus,North Carolina,"216,453"
Caldwell,North Carolina,"82,178"
Camden,North Carolina,"10,867"
Carteret,North Carolina,"69,473"
Caswell,North Carolina,"22,604"
Catawba,North Carolina,"159,551"
Chatham,North Carolina,"74,470"
Cherokee,North Carolina,"28,612"
Chowan,North Carolina,"13,943"
Clay,North Carolina,"11,231"
Cleveland,North Carolina,"97,947"
Columbus,North Carolina,"55,508"
Craven,North Carolina,"102,139"
Cumberland,North Carolina,"335,509"
Currituck,North Carolina,"27,763"
Dare,North Carolina,"37,009"
Davidson,North Carolina,"167,609"
Davie,North Carolina,"42,846"
Duplin,North Carolina,"58,741"
Durham,North Carolina,"321,488"
Edgecombe,North Carolina,"51,472"
Forsyth,North Carolina,"382,295"
Franklin,North Carolina,"69,685"
Gaston,North Carolina,"224,529"
Gates,North Carolina,"11,562"
Graham,North Carolina,"8,441"
Granville,North Carolina,"60,443"
Greene,North Carolina,"21,069"
Guilford,North Carolina,"537,174"
Halifax,North Carolina,"50,010"
Harnett,North Carolina,"135,976"
Haywood,North Carolina,"62,317"
Henderson,North Carolina,"117,417"
Hertford,North Carolina,"23,677"
Hoke,North Carolina,"55,234"
Hyde,North Carolina,"4,937"
Iredell,North Carolina,"181,806"
Jackson,North Carolina,"43,938"
Johnston,North Carolina,"209,339"
Jones,North Carolina,"9,419"
Lee,North Carolina,"61,779"
Lenoir,North Carolina,"55,949"
Lincoln,North Carolina,"86,111"
McDowell,North Carolina,"45,756"
Macon,North Carolina,"35,858"
Madison,North Carolina,"21,755"
Martin,North Carolina,"22,440"
Mecklenburg,North Carolina,"1,110,356"
Mitchell,North Carolina,"14,964"
Montgomery,North Carolina,"27,173"
Moore,North Carolina,"100,880"
Nash,North Carolina,"94,298"
New Hanover,North Carolina,"234,473"
Northampton,North Carolina,"19,483"
Onslow,North Carolina,"197,938"
Orange,North Carolina,"148,476"
Pamlico,North Carolina,"12,726"
Pasquotank,North Carolina,"39,824"
Pender,North Carolina,"63,060"
Perquimans,North Carolina,"13,463"
Person,North Carolina,"39,490"
Pitt,North Carolina,"180,742"
Polk,North Carolina,"20,724"
Randolph,North Carolina,"143,667"
Richmond,North Carolina,"44,829"
Robeson,North Carolina,"130,625"
Rockingham,North Carolina,"91,010"
Rowan,North Carolina,"142,088"
Rutherford,North Carolina,"67,029"
Sampson,North Carolina,"63,531"
Scotland,North Carolina,"34,823"
Stanly,North Carolina,"62,806"
Stokes,North Carolina,"45,591"
Surry,North Carolina,"71,783"
Swain,North Carolina,"14,271"
Transylvania,North Carolina,"34,385"
Tyrrell,North Carolina,"4,016"
Union,North Carolina,"239,859"
Vance,North Carolina,"44,535"
Wake,North Carolina,"1,111,761"
Warren,North Carolina,"19,731"
Washington,North Carolina,"11,580"
Watauga,North Carolina,"56,177"
Wayne,North Carolina,"123,131"
Wilkes,North Carolina,"68,412"
Wilson,North Carolina,"81,801"
Yadkin,North Carolina,"37,667"
Yancey,North Carolina,"18,069"
Adams,North Dakota,"2,216"
Barnes,North Dakota,"10,415"
Benson,North Dakota,"6,832"
Billings,North Dakota,928
ottineau,North Dakota,"6,282"
Bowman,North Dakota,"3,024"
Burke,North Dakota,"2,115"
Burleigh,North Dakota,"95,626"
Cass,North Dakota,"181,923"
Cavalier,North Dakota,"3,762"
Dickey,North Dakota,"4,872"
Divide,North Dakota,"2,264"
Dunn,North Dakota,"4,424"
Eddy,North Dakota,"2,287"
Emmons,North Dakota,"3,241"
Foster,North Dakota,"3,210"
Golden Valley,North Dakota,"1,761"
Grand Forks,North Dakota,"69,451"
Grant,North Dakota,"2,274"
Griggs,North Dakota,"2,231"
Hettinger,North Dakota,"2,499"
Kidder,North Dakota,"2,480"
LaMoure,North Dakota,"4,046"
Logan,North Dakota,"1,850"
McHenry,North Dakota,"5,745"
McIntosh,North Dakota,"2,497"
McKenzie,North Dakota,"15,024"
McLean,North Dakota,"9,450"
Mercer,North Dakota,"8,187"
Morton,North Dakota,"31,364"
Mountrail,North Dakota,"10,545"
Nelson,North Dakota,"2,879"
Oliver,North Dakota,"1,959"
Pembina,North Dakota,"6,801"
Pierce,North Dakota,"3,975"
Ramsey,North Dakota,"11,519"
Ransom,North Dakota,"5,218"
Renville,North Dakota,"2,327"
Richland,North Dakota,"16,177"
Rolette,North Dakota,"14,176"
Sargent,North Dakota,"3,898"
Sheridan,North Dakota,"1,315"
Sioux,North Dakota,"4,230"
Slope,North Dakota,750
Stark,North Dakota,"31,489"
Steele,North Dakota,"1,890"
Stutsman,North Dakota,"20,704"
Towner,North Dakota,"2,189"
Traill,North Dakota,"8,036"
Walsh,North Dakota,"10,641"
Ward,North Dakota,"67,641"
Wells,North Dakota,"3,834"
Williams,North Dakota,"37,589"
Adams,Ohio,"27,698"
Allen,Ohio,"102,351"
Ashland,Ohio,"53,484"
Ashtabula,Ohio,"97,241"
Athens,Ohio,"65,327"
Auglaize,Ohio,"45,656"
Belmont,Ohio,"67,006"
Brown,Ohio,"43,432"
Butler,Ohio,"383,134"
Carroll,Ohio,"26,914"
Champaign,Ohio,"38,885"
Clark,Ohio,"134,083"
Clermont,Ohio,"206,428"
Clinton,Ohio,"41,968"
Columbiana,Ohio,"101,883"
Coshocton,Ohio,"36,600"
Crawford,Ohio,"41,494"
Cuyahoga,Ohio,"1,235,072"
Darke,Ohio,"51,113"
Defiance,Ohio,"38,087"
Delaware,Ohio,"209,177"
Erie,Ohio,"74,266"
Fairfield,Ohio,"157,574"
Fayette,Ohio,"28,525"
Franklin,Ohio,"1,316,756"
Fulton,Ohio,"42,126"
Gallia,Ohio,"29,898"
Geauga,Ohio,"93,649"
Greene,Ohio,"168,937"
Guernsey,Ohio,"38,875"
Hamilton,Ohio,"817,473"
Hancock,Ohio,"75,783"
Hardin,Ohio,"31,365"
Harrison,Ohio,"15,040"
Henry,Ohio,"27,006"
Highland,Ohio,"43,161"
Hocking,Ohio,"28,264"
Holmes,Ohio,"43,960"
Huron,Ohio,"58,266"
Jackson,Ohio,"32,413"
Jefferson,Ohio,"65,325"
Knox,Ohio,"62,322"
Lake,Ohio,"230,149"
Lawrence,Ohio,"59,463"
Licking,Ohio,"176,862"
Logan,Ohio,"45,672"
Lorain,Ohio,"309,833"
Lucas,Ohio,"428,348"
Madison,Ohio,"44,731"
Mahoning,Ohio,"228,683"
Marion,Ohio,"65,093"
Medina,Ohio,"179,746"
Meigs,Ohio,"22,907"
Mercer,Ohio,"41,172"
Miami,Ohio,"106,987"
Monroe,Ohio,"13,654"
Montgomery,Ohio,"531,687"
Morgan,Ohio,"14,508"
Morrow,Ohio,"35,328"
Muskingum,Ohio,"86,215"
Noble,Ohio,"14,424"
Ottawa,Ohio,"40,525"
Paulding,Ohio,"18,672"
Perry,Ohio,"36,134"
Pickaway,Ohio,"58,457"
Pike,Ohio,"27,772"
Portage,Ohio,"162,466"
Preble,Ohio,"40,882"
Putnam,Ohio,"33,861"
Richland,Ohio,"121,154"
Ross,Ohio,"76,666"
Sandusky,Ohio,"58,518"
Scioto,Ohio,"75,314"
Seneca,Ohio,"55,178"
Shelby,Ohio,"48,590"
Stark,Ohio,"370,606"
Summit,Ohio,"541,013"
Trumbull,Ohio,"197,974"
Tuscarawas,Ohio,"91,987"
Union,Ohio,"58,988"
Van Wert,Ohio,"28,275"
Vinton,Ohio,"13,085"
Warren,Ohio,"234,602"
Washington,Ohio,"59,911"
Wayne,Ohio,"115,710"
Williams,Ohio,"36,692"
Wood,Ohio,"130,817"
Wyandot,Ohio,"21,772"
Adair,Oklahoma,"22,194"
Alfalfa,Oklahoma,"5,702"
Atoka,Oklahoma,"13,758"
Beaver,Oklahoma,"5,311"
Beckham,Oklahoma,"21,859"
Blaine,Oklahoma,"9,429"
Bryan,Oklahoma,"47,995"
Caddo,Oklahoma,"28,762"
Canadian,Oklahoma,"148,306"
Carter,Oklahoma,"48,111"
Cherokee,Oklahoma,"48,657"
Choctaw,Oklahoma,"14,672"
Cimarron,Oklahoma,"2,137"
Cleveland,Oklahoma,"284,014"
Coal,Oklahoma,"5,495"
Comanche,Oklahoma,"120,749"
Cotton,Oklahoma,"5,666"
Craig,Oklahoma,"14,142"
Creek,Oklahoma,"71,522"
Custer,Oklahoma,"29,003"
Delaware,Oklahoma,"43,009"
Dewey,Oklahoma,"4,891"
Ellis,Oklahoma,"3,859"
Garfield,Oklahoma,"61,056"
Garvin,Oklahoma,"27,711"
Grady,Oklahoma,"55,834"
Grant,Oklahoma,"4,333"
Greer,Oklahoma,"5,712"
Harmon,Oklahoma,"2,653"
Harper,Oklahoma,"3,688"
Haskell,Oklahoma,"12,627"
Hughes,Oklahoma,"13,279"
Jackson,Oklahoma,"24,530"
Jefferson,Oklahoma,"6,002"
Johnston,Oklahoma,"11,085"
Kay,Oklahoma,"43,538"
Kingfisher,Oklahoma,"15,765"
Kiowa,Oklahoma,"8,708"
Latimer,Oklahoma,"10,073"
Le Flore,Oklahoma,"49,853"
Lincoln,Oklahoma,"34,877"
Logan,Oklahoma,"48,011"
Love,Oklahoma,"10,253"
McClain,Oklahoma,"40,474"
McCurtain,Oklahoma,"32,832"
McIntosh,Oklahoma,"19,596"
Major,Oklahoma,"7,629"
Marshall,Oklahoma,"16,931"
Mayes,Oklahoma,"41,100"
Murray,Oklahoma,"14,073"
Muskogee,Oklahoma,"67,997"
Noble,Oklahoma,"11,131"
Nowata,Oklahoma,"10,076"
Okfuskee,Oklahoma,"11,993"
Oklahoma,Oklahoma,"797,434"
Okmulgee,Oklahoma,"38,465"
Osage,Oklahoma,"46,963"
Ottawa,Oklahoma,"31,127"
Pawnee,Oklahoma,"16,376"
Payne,Oklahoma,"81,784"
Pittsburg,Oklahoma,"43,654"
Pontotoc,Oklahoma,"38,284"
Pottawatomie,Oklahoma,"72,592"
Pushmataha,Oklahoma,"11,096"
Roger Mills,Oklahoma,"3,583"
Rogers,Oklahoma,"92,459"
Seminole,Oklahoma,"24,258"
Sequoyah,Oklahoma,"41,569"
Stephens,Oklahoma,"43,143"
Texas,Oklahoma,"19,983"
Tillman,Oklahoma,"7,250"
Tulsa,Oklahoma,"651,552"
Wagoner,Oklahoma,"81,289"
Washington,Oklahoma,"51,527"
Washita,Oklahoma,"10,916"
Woods,Oklahoma,"8,793"
Woodward,Oklahoma,"20,211"
Baker,Oregon,"16,124"
Benton,Oregon,"93,053"
Clackamas,Oregon,"418,187"
Clatsop,Oregon,"40,224"
Columbia,Oregon,"52,354"
Coos,Oregon,"64,487"
Crook,Oregon,"24,404"
Curry,Oregon,"22,925"
Deschutes,Oregon,"197,692"
Douglas,Oregon,"110,980"
Gilliam,Oregon,"1,912"
Grant,Oregon,"7,199"
Harney,Oregon,"7,393"
Hood River,Oregon,"23,382"
Jackson,Oregon,"220,944"
Jefferson,Oregon,"24,658"
Josephine,Oregon,"87,487"
Klamath,Oregon,"68,238"
Lake,Oregon,"7,869"
Lane,Oregon,"382,067"
Lincoln,Oregon,"49,962"
Linn,Oregon,"129,749"
Malheur,Oregon,"30,571"
Marion,Oregon,"347,818"
Morrow,Oregon,"11,603"
Multnomah,Oregon,"812,855"
Polk,Oregon,"86,085"
Sherman,Oregon,"1,780"
Tillamook,Oregon,"27,036"
Umatilla,Oregon,"77,950"
Union,Oregon,"26,835"
Wallowa,Oregon,"7,208"
Wasco,Oregon,"26,682"
Washington,Oregon,"601,592"
Wheeler,Oregon,"1,332"
Yamhill,Oregon,"107,100"
Adams,Pennsylvania,"103,009"
Allegheny,Pennsylvania,"1,216,045"
Armstrong,Pennsylvania,"64,735"
Beaver,Pennsylvania,"163,929"
Bedford,Pennsylvania,"47,888"
Berks,Pennsylvania,"421,164"
Blair,Pennsylvania,"121,829"
Bradford,Pennsylvania,"60,323"
Bucks,Pennsylvania,"628,270"
Butler,Pennsylvania,"187,853"
Cambria,Pennsylvania,"130,192"
Cameron,Pennsylvania,"4,447"
Carbon,Pennsylvania,"64,182"
Centre,Pennsylvania,"162,385"
Chester,Pennsylvania,"524,989"
Clarion,Pennsylvania,"38,438"
Clearfield,Pennsylvania,"79,255"
Clinton,Pennsylvania,"38,632"
Columbia,Pennsylvania,"64,964"
Crawford,Pennsylvania,"84,629"
Cumberland,Pennsylvania,"253,370"
Dauphin,Pennsylvania,"278,299"
Delaware,Pennsylvania,"566,747"
Elk,Pennsylvania,"29,910"
Erie,Pennsylvania,"269,728"
Fayette,Pennsylvania,"129,274"
Forest,Pennsylvania,"7,247"
Franklin,Pennsylvania,"155,027"
Fulton,Pennsylvania,"14,530"
Greene,Pennsylvania,"36,233"
Huntingdon,Pennsylvania,"45,144"
Indiana,Pennsylvania,"84,073"
Jefferson,Pennsylvania,"43,425"
Juniata,Pennsylvania,"24,763"
Lackawanna,Pennsylvania,"209,674"
Lancaster,Pennsylvania,"545,724"
Lawrence,Pennsylvania,"85,512"
Lebanon,Pennsylvania,"141,793"
Lehigh,Pennsylvania,"369,318"
Luzerne,Pennsylvania,"317,417"
Lycoming,Pennsylvania,"113,299"
McKean,Pennsylvania,"40,625"
Mercer,Pennsylvania,"109,424"
Mifflin,Pennsylvania,"46,138"
Monroe,Pennsylvania,"170,271"
Montgomery,Pennsylvania,"830,915"
Montour,Pennsylvania,"18,230"
Northampton,Pennsylvania,"305,285"
Northumberland,Pennsylvania,"90,843"
Perry,Pennsylvania,"46,272"
Philadelphia,Pennsylvania,"1,584,064"
Pike,Pennsylvania,"55,809"
Potter,Pennsylvania,"16,526"
Schuylkill,Pennsylvania,"141,359"
Snyder,Pennsylvania,"40,372"
Somerset,Pennsylvania,"73,447"
Sullivan,Pennsylvania,"6,066"
Susquehanna,Pennsylvania,"40,328"
Tioga,Pennsylvania,"40,591"
Union,Pennsylvania,"44,923"
Venango,Pennsylvania,"50,668"
Warren,Pennsylvania,"39,191"
Washington,Pennsylvania,"206,865"
Wayne,Pennsylvania,"51,361"
Westmoreland,Pennsylvania,"348,899"
Wyoming,Pennsylvania,"26,794"
York,Pennsylvania,"449,058"
Bristol,Rhode Island,"48,479"
Kent,Rhode Island,"164,292"
Newport,Rhode Island,"82,082"
Providence,Rhode Island,"638,931"
Washington,Rhode Island,"125,577"
Abbeville,South Carolina,"24,527"
Aiken,South Carolina,"170,872"
Allendale,South Carolina,"8,688"
Anderson,South Carolina,"202,558"
Bamberg,South Carolina,"14,066"
Barnwell,South Carolina,"20,866"
Beaufort,South Carolina,"192,122"
Berkeley,South Carolina,"227,907"
Calhoun,South Carolina,"14,553"
Charleston,South Carolina,"411,406"
Cherokee,South Carolina,"57,300"
Chester,South Carolina,"32,244"
Chesterfield,South Carolina,"45,650"
Clarendon,South Carolina,"33,745"
Colleton,South Carolina,"37,677"
Darlington,South Carolina,"66,618"
Dillon,South Carolina,"30,479"
Dorchester,South Carolina,"162,809"
Edgefield,South Carolina,"27,260"
Fairfield,South Carolina,"22,347"
Florence,South Carolina,"138,293"
Georgetown,South Carolina,"62,680"
Greenville,South Carolina,"523,542"
Greenwood,South Carolina,"70,811"
Hampton,South Carolina,"19,222"
Horry,South Carolina,"354,081"
Jasper,South Carolina,"30,073"
Kershaw,South Carolina,"66,551"
Lancaster,South Carolina,"98,012"
Laurens,South Carolina,"67,493"
Lee,South Carolina,"16,828"
Lexington,South Carolina,"298,750"
McCormick,South Carolina,"9,463"
Marion,South Carolina,"30,657"
Marlboro,South Carolina,"26,118"
Newberry,South Carolina,"38,440"
Oconee,South Carolina,"79,546"
Orangeburg,South Carolina,"86,175"
Pickens,South Carolina,"126,884"
Richland,South Carolina,"415,759"
Saluda,South Carolina,"20,473"
Spartanburg,South Carolina,"319,785"
Sumter,South Carolina,"106,721"
Union,South Carolina,"27,316"
Williamsburg,South Carolina,"30,368"
York,South Carolina,"280,979"
Aurora,South Dakota,"2,751"
Beadle,South Dakota,"18,453"
Bennett,South Dakota,"3,365"
Bon Homme,South Dakota,"6,901"
Brookings,South Dakota,"35,077"
Brown,South Dakota,"38,839"
Brule,South Dakota,"5,297"
Buffalo,South Dakota,"1,962"
Butte,South Dakota,"10,429"
Campbell,South Dakota,"1,376"
Charles Mix,South Dakota,"9,292"
Clark,South Dakota,"3,736"
Clay,South Dakota,"14,070"
Codington,South Dakota,"28,009"
Corson,South Dakota,"4,086"
Custer,South Dakota,"8,972"
Davison,South Dakota,"19,775"
Day,South Dakota,"5,424"
Deuel,South Dakota,"4,351"
Dewey,South Dakota,"5,892"
Douglas,South Dakota,"2,921"
Edmunds,South Dakota,"3,829"
Fall River,South Dakota,"6,713"
Faulk,South Dakota,"2,299"
Grant,South Dakota,"7,052"
Gregory,South Dakota,"4,185"
Haakon,South Dakota,"1,899"
Hamlin,South Dakota,"6,164"
Hand,South Dakota,"3,191"
Hanson,South Dakota,"3,453"
Harding,South Dakota,"1,298"
Hughes,South Dakota,"17,526"
Hutchinson,South Dakota,"7,291"
Hyde,South Dakota,"1,301"
Jackson,South Dakota,"3,344"
Jerauld,South Dakota,"2,013"
Jones,South Dakota,903
Kingsbury,South Dakota,"4,939"
Lake,South Dakota,"12,797"
Lawrence,South Dakota,"25,844"
Lincoln,South Dakota,"61,128"
Lyman,South Dakota,"3,781"
McCook,South Dakota,"5,586"
McPherson,South Dakota,"2,379"
Marshall,South Dakota,"4,935"
Meade,South Dakota,"28,332"
Mellette,South Dakota,"2,061"
Miner,South Dakota,"2,216"
Minnehaha,South Dakota,"193,134"
Moody,South Dakota,"6,576"
Oglala Lakota,South Dakota,"14,177"
Pennington,South Dakota,"113,775"
Perkins,South Dakota,"2,865"
Potter,South Dakota,"2,153"
Roberts,South Dakota,"10,394"
Sanborn,South Dakota,"2,344"
Spink,South Dakota,"6,376"
Stanley,South Dakota,"3,098"
Sully,South Dakota,"1,391"
Todd,South Dakota,"10,177"
Tripp,South Dakota,"5,441"
Turner,South Dakota,"8,384"
Union,South Dakota,"15,932"
Walworth,South Dakota,"5,435"
Yankton,South Dakota,"22,814"
Ziebach,South Dakota,"2,756"
Anderson,Tennessee,"76,978"
Bedford,Tennessee,"49,713"
Benton,Tennessee,"16,160"
Bledsoe,Tennessee,"15,064"
Blount,Tennessee,"133,088"
Bradley,Tennessee,"108,110"
Campbell,Tennessee,"39,842"
Cannon,Tennessee,"14,678"
Carroll,Tennessee,"27,767"
Carter,Tennessee,"56,391"
Cheatham,Tennessee,"40,667"
Chester,Tennessee,"17,297"
Claiborne,Tennessee,"31,959"
Clay,Tennessee,"7,615"
Cocke,Tennessee,"36,004"
Coffee,Tennessee,"56,520"
Crockett,Tennessee,"14,230"
Cumberland,Tennessee,"60,520"
Davidson,Tennessee,"694,144"
Decatur,Tennessee,"11,663"
DeKalb,Tennessee,"20,490"
Dickson,Tennessee,"53,948"
Dyer,Tennessee,"37,159"
Fayette,Tennessee,"41,133"
Fentress,Tennessee,"18,523"
Franklin,Tennessee,"42,208"
Gibson,Tennessee,"49,133"
Giles,Tennessee,"29,464"
Grainger,Tennessee,"23,320"
Greene,Tennessee,"69,069"
Grundy,Tennessee,"13,427"
Hamblen,Tennessee,"64,934"
Hamilton,Tennessee,"367,804"
Hancock,Tennessee,"6,620"
Hardeman,Tennessee,"25,050"
Hardin,Tennessee,"25,652"
Hawkins,Tennessee,"56,786"
Haywood,Tennessee,"17,304"
Henderson,Tennessee,"28,117"
Henry,Tennessee,"32,345"
Hickman,Tennessee,"25,178"
Houston,Tennessee,"8,201"
Humphreys,Tennessee,"18,582"
Jackson,Tennessee,"11,786"
Jefferson,Tennessee,"54,495"
Johnson,Tennessee,"17,788"
Knox,Tennessee,"470,313"
Lake,Tennessee,"7,016"
Lauderdale,Tennessee,"25,633"
Lawrence,Tennessee,"44,142"
Lewis,Tennessee,"12,268"
Lincoln,Tennessee,"34,366"
Loudon,Tennessee,"54,068"
McMinn,Tennessee,"53,794"
McNairy,Tennessee,"25,694"
Macon,Tennessee,"24,602"
Madison,Tennessee,"97,984"
Marion,Tennessee,"28,907"
Marshall,Tennessee,"34,375"
Maury,Tennessee,"96,387"
Meigs,Tennessee,"12,422"
Monroe,Tennessee,"46,545"
Montgomery,Tennessee,"208,993"
Moore,Tennessee,"6,488"
Morgan,Tennessee,"21,403"
Obion,Tennessee,"30,069"
Overton,Tennessee,"22,241"
Perry,Tennessee,"8,076"
Pickett,Tennessee,"5,048"
Polk,Tennessee,"16,832"
Putnam,Tennessee,"80,245"
Rhea,Tennessee,"33,167"
Roane,Tennessee,"53,382"
Robertson,Tennessee,"71,813"
Rutherford,Tennessee,"332,285"
Scott,Tennessee,"22,068"
Sequatchie,Tennessee,"15,026"
Sevier,Tennessee,"98,250"
Shelby,Tennessee,"937,166"
Smith,Tennessee,"20,157"
Stewart,Tennessee,"13,715"
Sullivan,Tennessee,"158,348"
Sumner,Tennessee,"191,283"
Tipton,Tennessee,"61,599"
Trousdale,Tennessee,"11,284"
Unicoi,Tennessee,"17,883"
Union,Tennessee,"19,972"
Van Buren,Tennessee,"5,872"
Warren,Tennessee,"41,277"
Washington,Tennessee,"129,375"
Wayne,Tennessee,"16,673"
Weakley,Tennessee,"33,328"
White,Tennessee,"27,345"
Williamson,Tennessee,"238,412"
Wilson,Tennessee,"144,657"
Anderson,Texas,"57,735"
Andrews,Texas,"18,705"
Angelina,Texas,"86,715"
Aransas,Texas,"23,510"
Archer,Texas,"8,553"
Armstrong,Texas,"1,887"
Atascosa,Texas,"51,153"
Austin,Texas,"30,032"
Bailey,Texas,"7,000"
Bandera,Texas,"23,112"
Bastrop,Texas,"88,723"
Baylor,Texas,"3,509"
Bee,Texas,"32,565"
Bell,Texas,"362,924"
Bexar,Texas,"2,003,554"
Blanco,Texas,"11,931"
Borden,Texas,654
Bosque,Texas,"18,685"
Bowie,Texas,"93,245"
Brazoria,Texas,"374,264"
Brazos,Texas,"229,211"
Brewster,Texas,"9,203"
Briscoe,Texas,"1,546"
Brooks,Texas,"7,093"
Brown,Texas,"37,864"
Burleson,Texas,"18,443"
Burnet,Texas,"48,155"
Caldwell,Texas,"43,664"
Calhoun,Texas,"21,290"
Callahan,Texas,"13,943"
Cameron,Texas,"423,163"
Camp,Texas,"13,094"
Carson,Texas,"5,926"
Cass,Texas,"30,026"
Castro,Texas,"7,530"
Chambers,Texas,"43,837"
Cherokee,Texas,"52,646"
Childress,Texas,"7,306"
Clay,Texas,"10,471"
Cochran,Texas,"2,853"
Coke,Texas,"3,387"
Coleman,Texas,"8,175"
Collin,Texas,"1,034,730"
Collingsworth,Texas,"2,920"
Colorado,Texas,"21,493"
Comal,Texas,"156,209"
Comanche,Texas,"13,635"
Concho,Texas,"2,726"
Cooke,Texas,"41,257"
Coryell,Texas,"75,951"
Cottle,Texas,"1,398"
Crane,Texas,"4,797"
Crockett,Texas,"3,464"
Crosby,Texas,"5,737"
Culberson,Texas,"2,171"
Dallam,Texas,"7,287"
Dallas,Texas,"2,635,516"
Dawson,Texas,"12,728"
Deaf Smith,Texas,"18,546"
Delta,Texas,"5,331"
Denton,Texas,"887,207"
DeWitt,Texas,"20,160"
Dickens,Texas,"2,211"
Dimmit,Texas,"10,124"
Donley,Texas,"3,278"
Duval,Texas,"11,157"
Eastland,Texas,"18,360"
Ector,Texas,"166,223"
Edwards,Texas,"1,932"
Ellis,Texas,"184,826"
El Paso,Texas,"839,238"
Erath,Texas,"42,698"
Falls,Texas,"17,297"
Fannin,Texas,"35,514"
Fayette,Texas,"25,346"
Fisher,Texas,"3,830"
Floyd,Texas,"5,712"
Foard,Texas,"1,155"
Fort Bend,Texas,"811,688"
Franklin,Texas,"10,725"
Freestone,Texas,"19,717"
Frio,Texas,"20,306"
Gaines,Texas,"21,492"
Galveston,Texas,"342,139"
Garza,Texas,"6,229"
Gillespie,Texas,"26,988"
Glasscock,Texas,"1,409"
Goliad,Texas,"7,658"
Gonzales,Texas,"20,837"
Gray,Texas,"21,886"
Grayson,Texas,"136,212"
Gregg,Texas,"123,945"
Grimes,Texas,"28,880"
Guadalupe,Texas,"166,847"
Hale,Texas,"33,406"
Hall,Texas,"2,964"
Hamilton,Texas,"8,461"
Hansford,Texas,"5,399"
Hardeman,Texas,"3,933"
Hardin,Texas,"57,602"
Harris,Texas,"4,713,325"
Harrison,Texas,"66,553"
Hartley,Texas,"5,576"
Haskell,Texas,"5,658"
Hays,Texas,"230,191"
Hemphill,Texas,"3,819"
Henderson,Texas,"82,737"
Hidalgo,Texas,"868,707"
Hill,Texas,"36,649"
Hockley,Texas,"23,021"
Hood,Texas,"61,643"
Hopkins,Texas,"37,084"
Houston,Texas,"22,968"
Howard,Texas,"36,664"
Hudspeth,Texas,"4,886"
Hunt,Texas,"98,594"
Hutchinson,Texas,"20,938"
Irion,Texas,"1,536"
Jack,Texas,"8,935"
Jackson,Texas,"14,760"
Jasper,Texas,"35,529"
Jeff Davis,Texas,"2,274"
Jefferson,Texas,"251,565"
Jim Hogg,Texas,"5,200"
Jim Wells,Texas,"40,482"
Johnson,Texas,"175,817"
Jones,Texas,"20,083"
Karnes,Texas,"15,601"
Kaufman,Texas,"136,154"
Kendall,Texas,"47,431"
Kenedy,Texas,404
Kent,Texas,762
Kerr,Texas,"52,600"
Kimble,Texas,"4,337"
King,Texas,272
Kinney,Texas,"3,667"
Kleberg,Texas,"30,680"
Knox,Texas,"3,664"
Lamar,Texas,"49,859"
Lamb,Texas,"12,893"
Lampasas,Texas,"21,428"
La Salle,Texas,"7,520"
Lavaca,Texas,"20,154"
Lee,Texas,"17,239"
Leon,Texas,"17,404"
Liberty,Texas,"88,219"
Limestone,Texas,"23,437"
Lipscomb,Texas,"3,233"
Live Oak,Texas,"12,207"
Llano,Texas,"21,795"
Loving,Texas,169
Lubbock,Texas,"310,569"
Lynn,Texas,"5,951"
McCulloch,Texas,"7,984"
McLennan,Texas,"256,623"
McMullen,Texas,743
Madison,Texas,"14,284"
Marion,Texas,"9,854"
Martin,Texas,"5,771"
Mason,Texas,"4,274"
Matagorda,Texas,"36,643"
Maverick,Texas,"58,722"
Medina,Texas,"51,584"
Menard,Texas,"2,138"
Midland,Texas,"176,832"
Milam,Texas,"24,823"
Mills,Texas,"4,873"
Mitchell,Texas,"8,545"
Montague,Texas,"19,818"
Montgomery,Texas,"607,391"
Moore,Texas,"20,940"
Morris,Texas,"12,388"
Motley,Texas,"1,200"
Nacogdoches,Texas,"65,204"
Navarro,Texas,"50,113"
Newton,Texas,"13,595"
Nolan,Texas,"14,714"
Nueces,Texas,"362,294"
Ochiltree,Texas,"9,836"
Oldham,Texas,"2,112"
Orange,Texas,"83,396"
Palo Pinto,Texas,"29,189"
Panola,Texas,"23,194"
Parker,Texas,"142,878"
Parmer,Texas,"9,605"
Pecos,Texas,"15,823"
Polk,Texas,"51,353"
Potter,Texas,"117,415"
Presidio,Texas,"6,704"
Rains,Texas,"12,514"
Randall,Texas,"137,713"
Reagan,Texas,"3,849"
Real,Texas,"3,452"
Red River,Texas,"12,023"
Reeves,Texas,"15,976"
Refugio,Texas,"6,948"
Roberts,Texas,854
Robertson,Texas,"17,074"
Rockwall,Texas,"104,915"
Runnels,Texas,"10,264"
Rusk,Texas,"54,406"
Sabine,Texas,"10,542"
San Augustine,Texas,"8,237"
San Jacinto,Texas,"28,859"
San Patricio,Texas,"66,730"
San Saba,Texas,"6,055"
Schleicher,Texas,"2,793"
Scurry,Texas,"16,703"
Shackelford,Texas,"3,265"
Shelby,Texas,"25,274"
Sherman,Texas,"3,022"
Smith,Texas,"232,751"
Somervell,Texas,"9,128"
Starr,Texas,"64,633"
Stephens,Texas,"9,366"
Sterling,Texas,"1,291"
Stonewall,Texas,"1,350"
Sutton,Texas,"3,776"
Swisher,Texas,"7,397"
Tarrant,Texas,"2,102,515"
Taylor,Texas,"138,034"
Terrell,Texas,776
Terry,Texas,"12,337"
Throckmorton,Texas,"1,501"
Titus,Texas,"32,750"
Tom Green,Texas,"119,200"
Travis,Texas,"1,273,954"
Trinity,Texas,"14,651"
Tyler,Texas,"21,672"
Upshur,Texas,"41,753"
Upton,Texas,"3,657"
Uvalde,Texas,"26,741"
Val Verde,Texas,"49,025"
Van Zandt,Texas,"56,590"
Victoria,Texas,"92,084"
Walker,Texas,"72,971"
Waller,Texas,"55,246"
Ward,Texas,"11,998"
Washington,Texas,"35,882"
Webb,Texas,"276,652"
Wharton,Texas,"41,556"
Wheeler,Texas,"5,056"
Wichita,Texas,"132,230"
Wilbarger,Texas,"12,769"
Willacy,Texas,"21,358"
Williamson,Texas,"590,551"
Wilson,Texas,"51,070"
Winkler,Texas,"8,010"
Wise,Texas,"69,984"
Wood,Texas,"45,539"
Yoakum,Texas,"8,713"
Young,Texas,"18,010"
Zapata,Texas,"14,179"
Zavala,Texas,"11,840"
Beaver,Utah,"6,710"
Box Elder,Utah,"56,046"
Cache,Utah,"128,289"
Carbon,Utah,"20,463"
Daggett,Utah,950
Davis,Utah,"355,481"
Duchesne,Utah,"19,938"
Emery,Utah,"10,012"
Garfield,Utah,"5,051"
Grand,Utah,"9,754"
Iron,Utah,"54,839"
Juab,Utah,"12,017"
Kane,Utah,"7,886"
Millard,Utah,"13,188"
Morgan,Utah,"12,124"
Piute,Utah,"1,479"
Rich,Utah,"2,483"
Salt Lake,Utah,"1,160,437"
San Juan,Utah,"15,308"
Sanpete,Utah,"30,939"
Sevier,Utah,"21,620"
Summit,Utah,"42,145"
Tooele,Utah,"72,259"
Uintah,Utah,"35,734"
Utah,Utah,"636,235"
Wasatch,Utah,"34,091"
Washington,Utah,"177,556"
Wayne,Utah,"2,711"
Weber,Utah,"260,213"
Addison,Vermont,"36,777"
Bennington,Vermont,"35,470"
Caledonia,Vermont,"29,993"
Chittenden,Vermont,"163,774"
Essex,Vermont,"6,163"
Franklin,Vermont,"49,402"
Grand Isle,Vermont,"7,235"
Lamoille,Vermont,"25,362"
Orange,Vermont,"28,892"
Orleans,Vermont,"27,037"
Rutland,Vermont,"58,191"
Washington,Vermont,"58,409"
Windham,Vermont,"42,222"
Windsor,Vermont,"55,062"
Accomack,Virginia,"32,316"
Albemarle,Virginia,"109,330"
Alleghany,Virginia,"14,860"
Amelia,Virginia,"13,145"
Amherst,Virginia,"31,605"
Appomattox,Virginia,"15,911"
Arlington,Virginia,"236,842"
Augusta,Virginia,"75,558"
Bath,Virginia,"4,147"
Bedford,Virginia,"78,997"
Bland,Virginia,"6,280"
Botetourt,Virginia,"33,419"
Brunswick,Virginia,"16,231"
Buchanan,Virginia,"21,004"
Buckingham,Virginia,"17,148"
Campbell,Virginia,"54,885"
Caroline,Virginia,"30,725"
Carroll,Virginia,"29,791"
Charles City,Virginia,"6,963"
Charlotte,Virginia,"11,880"
Chesterfield,Virginia,"352,802"
Clarke,Virginia,"14,619"
Craig,Virginia,"5,131"
Culpeper,Virginia,"52,605"
Cumberland,Virginia,"9,932"
Dickenson,Virginia,"14,318"
Dinwiddie,Virginia,"28,544"
Essex,Virginia,"10,953"
Fairfax,Virginia,"1,147,532"
Fauquier,Virginia,"71,222"
Floyd,Virginia,"15,749"
Fluvanna,Virginia,"27,270"
Franklin,Virginia,"56,042"
Frederick,Virginia,"89,313"
Giles,Virginia,"16,720"
Gloucester,Virginia,"37,348"
Goochland,Virginia,"23,753"
Grayson,Virginia,"15,550"
Greene,Virginia,"19,819"
Greensville,Virginia,"11,336"
Halifax,Virginia,"33,911"
Hanover,Virginia,"107,766"
Henrico,Virginia,"330,818"
Henry,Virginia,"50,557"
Highland,Virginia,"2,190"
Isle of Wight,Virginia,"37,109"
James City,Virginia,"76,523"
King and Queen,Virginia,"7,025"
King George,Virginia,"26,836"
King William,Virginia,"17,148"
Lancaster,Virginia,"10,603"
Lee,Virginia,"23,423"
Loudoun,Virginia,"413,538"
Louisa,Virginia,"37,591"
Lunenburg,Virginia,"12,196"
Madison,Virginia,"13,261"
Mathews,Virginia,"8,834"
Mecklenburg,Virginia,"30,587"
Middlesex,Virginia,"10,582"
Montgomery,Virginia,"98,535"
Nelson,Virginia,"14,930"
New Kent,Virginia,"23,091"
Northampton,Virginia,"11,710"
Northumberland,Virginia,"12,095"
Nottoway,Virginia,"15,232"
Orange,Virginia,"37,051"
Page,Virginia,"23,902"
Patrick,Virginia,"17,608"
Pittsylvania,Virginia,"60,354"
Powhatan,Virginia,"29,652"
Prince Edward,Virginia,"22,802"
Prince George,Virginia,"38,353"
Prince William,Virginia,"470,335"
Pulaski,Virginia,"34,027"
Rappahannock,Virginia,"7,370"
Richmond,Virginia,"9,023"
Roanoke,Virginia,"94,186"
Rockbridge,Virginia,"22,573"
Rockingham,Virginia,"81,948"
Russell,Virginia,"26,586"
Scott,Virginia,"21,566"
Shenandoah,Virginia,"43,616"
Smyth,Virginia,"30,104"
Southampton,Virginia,"17,631"
Spotsylvania,Virginia,"136,215"
Stafford,Virginia,"152,882"
Surry,Virginia,"6,422"
Sussex,Virginia,"11,159"
Tazewell,Virginia,"40,595"
Warren,Virginia,"40,164"
Washington,Virginia,"53,740"
Westmoreland,Virginia,"18,015"
Wise,Virginia,"37,383"
Wythe,Virginia,"28,684"
York,Virginia,"68,280"
Alexandria city,Virginia,"159,428"
Bristol city,Virginia,"16,762"
Buena Vista city,Virginia,"6,478"
Charlottesville city,Virginia,"47,266"
Chesapeake city,Virginia,"244,835"
Colonial Heights city,Virginia,"17,370"
Covington city,Virginia,"5,538"
Danville city,Virginia,"40,044"
Emporia city,Virginia,"5,346"
Fairfax city,Virginia,"24,019"
Falls Church city,Virginia,"14,617"
Franklin city,Virginia,"7,967"
Fredericksburg city,Virginia,"29,036"
Galax city,Virginia,"6,347"
Hampton city,Virginia,"134,510"
Harrisonburg city,Virginia,"53,016"
Hopewell city,Virginia,"22,529"
Lexington city,Virginia,"7,446"
Lynchburg city,Virginia,"82,168"
Manassas city,Virginia,"41,085"
Manassas Park city,Virginia,"17,478"
Martinsville city,Virginia,"12,554"
Newport News city,Virginia,"179,225"
Norfolk city,Virginia,"242,742"
Norton city,Virginia,"3,981"
Petersburg city,Virginia,"31,346"
Poquoson city,Virginia,"12,271"
Portsmouth city,Virginia,"94,398"
Radford city,Virginia,"18,249"
Richmond city,Virginia,"230,436"
Roanoke city,Virginia,"99,143"
Salem city,Virginia,"25,301"
Staunton city,Virginia,"24,932"
Suffolk city,Virginia,"92,108"
Virginia Beach city,Virginia,"449,974"
Waynesboro city,Virginia,"22,630"
Williamsburg city,Virginia,"14,954"
Winchester city,Virginia,"28,078"
Adams,Washington,"19,983"
Asotin,Washington,"22,582"
Benton,Washington,"204,390"
Chelan,Washington,"77,200"
Clallam,Washington,"77,331"
Clark,Washington,"488,241"
Columbia,Washington,"3,985"
Cowlitz,Washington,"110,593"
Douglas,Washington,"43,429"
Ferry,Washington,"7,627"
Franklin,Washington,"95,222"
Garfield,Washington,"2,225"
Grant,Washington,"97,733"
Grays Harbor,Washington,"75,061"
Island,Washington,"85,141"
Jefferson,Washington,"32,221"
King,Washington,"2,252,782"
Kitsap,Washington,"271,473"
Kittitas,Washington,"47,935"
Klickitat,Washington,"22,425"
Lewis,Washington,"80,707"
Lincoln,Washington,"10,939"
Mason,Washington,"66,768"
Okanogan,Washington,"42,243"
Pacific,Washington,"22,471"
Pend Oreille,Washington,"13,724"
Pierce,Washington,"904,980"
San Juan,Washington,"17,582"
Skagit,Washington,"129,205"
Skamania,Washington,"12,083"
Snohomish,Washington,"822,083"
Spokane,Washington,"522,798"
Stevens,Washington,"45,723"
Thurston,Washington,"290,536"
Wahkiakum,Washington,"4,488"
Walla Walla,Washington,"60,760"
Whatcom,Washington,"229,247"
Whitman,Washington,"50,104"
Yakima,Washington,"250,873"
Barbour,West Virginia,"16,441"
Berkeley,West Virginia,"119,171"
Boone,West Virginia,"21,457"
Braxton,West Virginia,"13,957"
Brooke,West Virginia,"21,939"
Cabell,West Virginia,"91,945"
Calhoun,West Virginia,"7,109"
Clay,West Virginia,"8,508"
Doddridge,West Virginia,"8,448"
Fayette,West Virginia,"42,406"
Gilmer,West Virginia,"7,823"
Grant,West Virginia,"11,568"
Greenbrier,West Virginia,"34,662"
Hampshire,West Virginia,"23,175"
Hancock,West Virginia,"28,810"
Hardy,West Virginia,"13,776"
Harrison,West Virginia,"67,256"
Jackson,West Virginia,"28,576"
Jefferson,West Virginia,"57,146"
Kanawha,West Virginia,"178,124"
Lewis,West Virginia,"15,907"
Lincoln,West Virginia,"20,409"
Logan,West Virginia,"32,019"
McDowell,West Virginia,"17,624"
Marion,West Virginia,"56,072"
Marshall,West Virginia,"30,531"
Mason,West Virginia,"26,516"
Mercer,West Virginia,"58,758"
Mineral,West Virginia,"26,868"
Mingo,West Virginia,"23,424"
Monongalia,West Virginia,"105,612"
Monroe,West Virginia,"13,275"
Morgan,West Virginia,"17,884"
Nicholas,West Virginia,"24,496"
Ohio,West Virginia,"41,411"
Pendleton,West Virginia,"6,969"
Pleasants,West Virginia,"7,460"
Pocahontas,West Virginia,"8,247"
Preston,West Virginia,"33,432"
Putnam,West Virginia,"56,450"
Raleigh,West Virginia,"73,361"
Randolph,West Virginia,"28,695"
Ritchie,West Virginia,"9,554"
Roane,West Virginia,"13,688"
Summers,West Virginia,"12,573"
Taylor,West Virginia,"16,695"
Tucker,West Virginia,"6,839"
Tyler,West Virginia,"8,591"
Upshur,West Virginia,"24,176"
Wayne,West Virginia,"39,402"
Webster,West Virginia,"8,114"
Wetzel,West Virginia,"15,065"
Wirt,West Virginia,"5,821"
Wood,West Virginia,"83,518"
Wyoming,West Virginia,"20,394"
Adams,Wisconsin,"20,220"
Ashland,Wisconsin,"15,562"
Barron,Wisconsin,"45,244"
Bayfield,Wisconsin,"15,036"
Brown,Wisconsin,"264,542"
Buffalo,Wisconsin,"13,031"
Burnett,Wisconsin,"15,414"
Calumet,Wisconsin,"50,089"
Chippewa,Wisconsin,"64,658"
Clark,Wisconsin,"34,774"
Columbia,Wisconsin,"57,532"
Crawford,Wisconsin,"16,131"
Dane,Wisconsin,"546,695"
Dodge,Wisconsin,"87,839"
Door,Wisconsin,"27,668"
Douglas,Wisconsin,"43,150"
Dunn,Wisconsin,"45,368"
Eau Claire,Wisconsin,"104,646"
Florence,Wisconsin,"4,295"
Fond du Lac,Wisconsin,"103,403"
Forest,Wisconsin,"9,004"
Grant,Wisconsin,"51,439"
Green,Wisconsin,"36,960"
Green Lake,Wisconsin,"18,913"
Iowa,Wisconsin,"23,678"
Iron,Wisconsin,"5,687"
Jackson,Wisconsin,"20,643"
Jefferson,Wisconsin,"84,769"
Juneau,Wisconsin,"26,687"
Kenosha,Wisconsin,"169,561"
Kewaunee,Wisconsin,"20,434"
La Crosse,Wisconsin,"118,016"
Lafayette,Wisconsin,"16,665"
Langlade,Wisconsin,"19,189"
Lincoln,Wisconsin,"27,593"
Manitowoc,Wisconsin,"78,981"
Marathon,Wisconsin,"135,692"
Marinette,Wisconsin,"40,350"
Marquette,Wisconsin,"15,574"
Menominee,Wisconsin,"4,556"
Milwaukee,Wisconsin,"945,726"
Monroe,Wisconsin,"46,253"
Oconto,Wisconsin,"37,930"
Oneida,Wisconsin,"35,595"
Outagamie,Wisconsin,"187,885"
Ozaukee,Wisconsin,"89,221"
Pepin,Wisconsin,"7,287"
Pierce,Wisconsin,"42,754"
Polk,Wisconsin,"43,783"
Portage,Wisconsin,"70,772"
Price,Wisconsin,"13,351"
Racine,Wisconsin,"196,311"
Richland,Wisconsin,"17,252"
Rock,Wisconsin,"163,354"
Rusk,Wisconsin,"14,178"
St. Croix,Wisconsin,"90,687"
Sauk,Wisconsin,"64,442"
Sawyer,Wisconsin,"16,558"
Shawano,Wisconsin,"40,899"
Sheboygan,Wisconsin,"115,340"
Taylor,Wisconsin,"20,343"
Trempealeau,Wisconsin,"29,649"
Vernon,Wisconsin,"30,822"
Vilas,Wisconsin,"22,195"
Walworth,Wisconsin,"103,868"
Washburn,Wisconsin,"15,720"
Washington,Wisconsin,"136,034"
Waukesha,Wisconsin,"404,198"
Waupaca,Wisconsin,"50,990"
Waushara,Wisconsin,"24,443"
Winnebago,Wisconsin,"171,907"
Wood,Wisconsin,"72,999"
Albany,Wyoming,"38,880"
Big Horn,Wyoming,"11,790"
Campbell,Wyoming,"46,341"
Carbon,Wyoming,"14,800"
Converse,Wyoming,"13,822"
Crook,Wyoming,"7,584"
Fremont,Wyoming,"39,261"
Goshen,Wyoming,"13,211"
Hot Springs,Wyoming,"4,413"
Johnson,Wyoming,"8,445"
Laramie,Wyoming,"99,500"
Lincoln,Wyoming,"19,830"
Natrona,Wyoming,"79,858"
Niobrara,Wyoming,"2,356"
Park,Wyoming,"29,194"
Platte,Wyoming,"8,393"
Sheridan,Wyoming,"30,485"
Sublette,Wyoming,"9,831"
Sweetwater,Wyoming,"42,343"
Teton,Wyoming,"23,464"
Uinta,Wyoming,"20,226"
Washakie,Wyoming,"7,805"
Weston,Wyoming,"6,927"
